,area,fat_per_capita_alcoholic_beverages,fat_per_capita_animal_fats,fat_per_capita_aquatic_products_other,fat_per_capita_cereals_excluding_beer,fat_per_capita_eggs,fat_per_capita_fish_seafood,fat_per_capita_fruits_excluding_wine,fat_per_capita_meat,fat_per_capita_milk_excluding_butter,fat_per_capita_miscellaneous,fat_per_capita_offals,fat_per_capita_oilcrops,fat_per_capita_pulses,fat_per_capita_spices,fat_per_capita_starchy_roots,fat_per_capita_stimulants,fat_per_capita_sugar_sweeteners,fat_per_capita_sugar_crops,fat_per_capita_treenuts,fat_per_capita_vegetable_oils,fat_per_capita_vegetables,calorie_per_capita_alcoholic_beverages,calorie_per_capita_animal_fats,calorie_per_capita_aquatic_products_other,calorie_per_capita_cereals_excluding_beer,calorie_per_capita_eggs,calorie_per_capita_fish_seafood,calorie_per_capita_fruits_excluding_wine,calorie_per_capita_meat,calorie_per_capita_milk_excluding_butter,calorie_per_capita_miscellaneous,calorie_per_capita_offals,calorie_per_capita_oilcrops,calorie_per_capita_pulses,calorie_per_capita_spices,calorie_per_capita_starchy_roots,calorie_per_capita_stimulants,calorie_per_capita_sugar_sweeteners,calorie_per_capita_sugar_crops,calorie_per_capita_treenuts,calorie_per_capita_vegetable_oils,calorie_per_capita_vegetables,protein_per_capita_alcoholic_beverages,protein_per_capita_animal_fats,protein_per_capita_aquatic_products_other,protein_per_capita_cereals_excluding_beer,protein_per_capita_eggs,protein_per_capita_fish_seafood,protein_per_capita_fruits_excluding_wine,protein_per_capita_meat,protein_per_capita_milk_excluding_butter,protein_per_capita_miscellaneous,protein_per_capita_offals,protein_per_capita_oilcrops,protein_per_capita_pulses,protein_per_capita_spices,protein_per_capita_starchy_roots,protein_per_capita_stimulants,protein_per_capita_sugar_sweeteners,protein_per_capita_sugar_crops,protein_per_capita_treenuts,protein_per_capita_vegetable_oils,protein_per_capita_vegetables,infection_level,undernourishment,median_age,aged_70_older,diabetes_prevalence,life_expectancy
0,Afghanistan,0.0,3.31,0.0,5.24,0.33,0.02,0.25,4.03,4.67,0.01,0.16,0.84,0.11,0.12,0.11,0.06,0.0,0.0,1.01,18.32,0.34,0.0,3.758342,0.0,201.913684,0.64799,0.129598,6.998291999999999,6.739096,11.923016,0.129598,0.518392,1.166382,2.332764,0.388794,5.572714,0.129598,19.4397,0.0,1.555176,20.994876,5.961507999999999,0.0,0.04,0.0,40.75,0.33,0.1,0.58,3.67,5.72,0.05,0.6,0.35,1.18,0.11,0.69,0.11,0.0,0.0,0.36,0.02,1.99,Low,29.8,18.6,1.337,9.59,64.83
1,Albania,0.0,6.66,0.0,6.09,4.18,0.45,1.63,17.15,36.68,0.09,0.59,5.09,0.24,0.03,0.12,1.68,0.0,0.0,3.0,26.91,1.76,6.998291999999999,7.775879999999999,0.0,137.503478,7.646281999999999,1.94397,38.23141,28.252364,76.722016,1.166382,2.073568,6.609497999999999,6.350301999999999,0.129598,11.275026,2.851156,28.381962,0.0,5.054322,30.844324,27.86357,0.4,0.13,0.0,32.62,4.68,2.56,3.41,14.87,34.41,0.32,2.26,0.69,3.11,0.03,2.14,0.73,0.02,0.0,0.91,0.02,9.27,High,3.9,38.0,8.643,10.08,78.57
2,Algeria,0.0,2.38,0.0,6.46,1.46,0.34,0.91,6.62,12.78,0.06,0.19,2.28,0.36,0.21,0.18,0.31,0.0,0.0,1.19,62.99,0.97,0.777588,2.721558,0.0,210.078358,2.721558,1.036784,27.474776,11.404623999999998,32.917891999999995,0.777588,0.64799,2.851156,7.646281999999999,0.777588,16.199749999999998,0.907186,38.101812,0.0,1.684774,72.18608599999999,20.865278,0.05,0.02,0.0,47.56,1.81,1.18,2.14,6.61,14.31,0.25,0.64,0.38,3.79,0.27,2.65,0.56,0.0,0.0,0.44,0.02,6.88,Low,2.5,29.1,3.857,6.73,76.88
3,Angola,0.0,1.05,0.0,5.34,0.02,0.83,0.33,10.13,0.61,0.03,0.15,3.3,0.33,0.01,0.98,0.06,0.0,0.0,0.03,32.7,0.1,9.07186,1.166382,0.0,99.79046,0.0,3.110352,13.089398,15.681358,1.555176,0.388794,0.64799,5.313517999999999,9.331056,0.0,93.31056,0.129598,17.625328,0.0,0.0,37.453822,1.814372,0.56,0.01,0.0,20.0,0.02,3.84,1.42,6.81,0.62,0.11,0.91,1.95,4.67,0.01,6.05,0.09,0.01,0.0,0.01,0.01,0.76,Low,20.8,16.8,1.362,3.94,61.15
4,Antigua and Barbuda,0.0,4.65,0.0,6.43,1.38,2.67,1.98,30.15,7.98,0.05,0.14,2.29,0.08,0.27,0.05,1.63,0.0,0.0,0.4,24.95,0.18,16.847739999999998,5.443116,0.0,107.955134,2.721558,11.275026,20.73568,51.580004,20.346886,0.64799,0.64799,3.369548,1.94397,0.64799,3.369548,2.332764,31.233118,0.0,0.64799,28.641158,3.499146,0.43,0.12,0.0,21.22,1.59,14.21,1.89,29.58,8.01,0.15,0.87,0.76,0.98,0.12,0.54,0.22,0.0,0.0,0.13,0.08,1.13,Low,9.666666666666666,32.1,4.631,13.17,77.02
5,Argentina,0.0,10.0,0.0,3.14,3.98,0.33,0.42,46.36,14.18,0.0,0.73,1.14,0.39,0.1,0.26,0.68,0.0,0.0,0.46,40.83,0.46,11.145428,11.66382,0.0,139.836242,7.775879999999999,1.4255779999999998,9.460654,79.83236799999999,30.325932,0.0,3.758342,1.684774,7.387085999999999,0.388794,11.793418,4.53593,57.541512,0.0,0.64799,46.784878,6.998291999999999,0.32,0.04,0.0,28.54,4.57,1.85,0.94,43.39,13.39,0.0,5.01,0.45,3.64,0.12,2.92,6.76,0.05,0.0,0.12,0.01,2.11,High,3.7,31.9,7.441,5.5,76.67
6,Armenia,0.0,13.86,0.0,6.18,3.29,0.42,1.1,23.44,19.21,0.1,0.56,1.03,0.14,0.06,0.17,3.11,0.0,0.0,1.59,24.08,1.18,2.851156,16.199749999999998,0.0,171.846948,6.091106,1.4255779999999998,20.606082,37.842616,41.730556,1.166382,2.462362,1.555176,3.23995,0.259196,14.774171999999998,5.18392,41.600958,0.0,2.203166,27.604374,18.014122,0.13,0.3,0.0,38.29,3.6,1.67,2.15,18.9,18.31,0.27,3.18,0.42,1.65,0.07,2.67,1.16,0.01,0.0,0.38,0.03,6.17,High,3.5,35.7,7.571,7.11,75.09
7,Australia,0.0,14.98,0.0,2.94,2.08,1.4,1.51,35.69,24.14,0.23,0.88,3.38,0.42,0.27,0.13,1.91,0.0,0.0,6.22,58.97,0.59,18.273318,17.236534,0.0,95.772922,3.88794,5.18392,13.218996,64.280608,49.89523,2.462362,3.628744,5.054322,9.460654,0.907186,10.756634,3.628744,54.56075799999999,0.0,9.07186,67.520558,8.812664,0.6,0.18,0.0,22.17,2.28,6.03,1.08,40.69,21.74,0.57,4.47,1.5,4.85,0.25,2.02,1.39,0.0,0.0,2.11,0.1,2.86,Low,2.5,37.9,10.129,5.07,83.44
8,Austria,0.0,43.97,0.0,4.2,3.79,1.35,0.91,24.18,18.03,0.0,0.41,4.63,0.09,0.36,0.14,0.66,0.0,0.0,4.11,76.22,0.68,26.56759,51.580004,0.0,111.843074,6.998291999999999,3.88794,16.199749999999998,42.637742,40.82337,0.0,1.555176,8.164674,1.94397,1.166382,13.478192,2.203166,46.784878,0.0,5.83191,87.349052,10.238242,1.41,0.78,0.0,26.55,4.35,3.97,1.38,25.89,25.68,0.02,1.86,4.38,0.97,0.32,2.16,1.49,0.02,0.0,1.13,0.16,3.56,High,2.5,44.4,13.748,6.35,81.54
9,Azerbaijan,0.0,13.8,0.0,6.34,2.6,0.16,0.84,15.29,15.07,0.06,0.41,0.55,0.02,0.04,0.22,2.09,0.0,0.0,2.71,25.53,0.92,21.642866,15.810956,0.0,219.150218,4.795126,0.518392,16.199749999999998,25.530806,33.825078,0.777588,1.814372,0.777588,0.518392,0.129598,19.569298,3.23995,30.844324,0.0,3.758342,29.289148,14.25578,0.71,0.14,0.0,50.4,2.84,0.57,1.33,13.77,16.09,0.2,2.3,0.26,0.29,0.04,3.6,0.66,0.01,0.0,0.66,0.04,4.36,High,2.5,32.4,3.871,7.11,73.0
10,Bahamas,0.0,8.9,0.0,6.16,2.11,1.73,1.19,35.57,11.43,0.57,0.21,3.74,0.04,0.4,0.06,1.36,0.0,0.0,0.81,25.63,0.64,15.162966,10.238242,0.0,91.107394,4.147136,5.702311999999999,18.532514,58.837492,22.938846,6.868694,0.777588,5.572714,0.907186,1.166382,3.499146,2.073568,40.17538,0.0,1.166382,29.418746,9.331056,0.06,0.11,0.0,17.07,2.41,6.28,1.87,30.84,9.65,1.79,0.94,1.27,0.46,0.29,0.48,0.32,0.0,0.0,0.23,0.08,3.69,High,9.666666666666666,34.3,5.2,13.17,73.92
11,Bahrain,0.0,18.99,0.0,4.23,2.51,0.85,0.84,27.81,11.26,0.05,0.52,3.49,0.42,1.3,0.06,3.86,0.0,0.0,3.36,55.94,0.68,5.83191,22.809248,0.0,143.335388,4.53593,3.23995,19.698896,48.988044,27.733972,0.777588,1.555176,5.054322,6.868694,4.924723999999999,6.868694,6.091106,62.595834,0.0,5.83191,64.15101,10.497438,0.18,1.1,0.0,27.51,2.66,4.07,1.71,29.78,13.34,0.27,1.59,1.14,3.4,1.19,1.06,1.2,0.0,0.0,1.22,0.07,3.43,High,8.75952380952381,32.4,1.387,16.52,77.29
12,Bangladesh,0.0,0.89,0.0,4.54,1.21,1.62,0.31,1.32,2.07,0.01,0.07,1.07,0.41,0.89,0.16,0.01,0.0,0.01,0.2,20.16,0.27,0.0,1.036784,0.0,241.311476,2.203166,6.220704,4.924723999999999,2.462362,5.054322,0.129598,0.259196,1.94397,9.979046,4.147136,14.126181999999998,0.129598,10.36784,0.129598,1.036784,23.068444,5.443116,0.0,0.01,0.0,36.52,1.23,7.72,0.42,1.64,2.18,0.02,0.25,0.83,4.67,1.09,2.57,0.14,0.04,0.0,0.17,0.0,1.89,Low,11.4,27.5,3.262,8.38,72.59
13,Barbados,0.0,7.12,0.0,3.85,2.14,4.07,0.88,26.01,10.06,0.72,0.16,6.81,0.3,0.5,0.19,0.94,0.0,0.0,1.21,34.34,0.47,10.108644,8.423869999999999,0.0,116.249406,4.147136,11.923016,11.923016,44.452114,22.420454,7.905478,0.777588,10.238242,6.609497999999999,1.94397,11.793418,1.94397,70.242116,0.0,1.684774,39.397792,7.516684,0.22,0.19,0.0,22.38,2.46,12.6,1.0,24.87,8.73,1.89,0.95,2.79,3.35,0.47,2.28,0.6,0.0,0.0,0.37,0.04,2.64,Low,3.4,39.8,9.473,13.57,79.19
14,Belarus,0.0,22.45,0.0,12.89,3.62,0.85,0.71,31.34,10.89,0.11,0.66,1.62,0.05,0.07,0.47,1.99,0.0,0.0,2.44,41.0,0.76,27.345178,26.049198,0.0,112.620662,6.609497999999999,2.721558,13.60779,54.042366,37.324224,1.166382,3.369548,2.980754,1.166382,0.259196,40.564174,3.369548,32.140304,0.0,3.369548,46.91447599999999,13.478192,0.75,0.35,0.0,23.87,3.95,3.17,1.02,31.37,19.09,0.27,4.19,1.76,0.61,0.07,7.47,0.68,0.0,0.0,0.62,0.03,4.59,High,2.5,40.3,9.788,5.18,74.79
15,Belgium,0.0,57.65,0.0,2.62,3.8,1.9,0.83,16.84,25.64,0.0,1.04,1.59,0.28,0.43,0.24,0.09,0.0,0.0,4.04,61.77,0.93,18.921308,68.29814599999999,0.0,100.049656,6.998291999999999,5.702311999999999,15.810956,30.196334,59.61508,0.0,4.406332,2.332764,6.739096,1.29598,21.254072,1.036784,62.725432,0.0,5.83191,70.760508,12.700603999999998,0.91,1.7,0.0,21.65,4.13,6.01,1.4,18.95,29.48,0.0,5.34,0.45,3.37,0.33,3.91,0.98,0.01,0.0,1.15,0.23,4.8,High,2.5,41.8,12.849,4.29,81.63
16,Belize,0.0,26.62,0.0,7.87,1.09,0.82,0.3,20.68,6.25,0.39,0.06,2.42,0.66,0.12,0.07,1.41,0.0,0.0,0.6,28.5,0.28,11.534222,30.973922,0.0,125.71005999999998,2.073568,2.721558,9.590252,34.473068,19.310102,4.795126,0.259196,4.276733999999999,17.366132,0.518392,4.924723999999999,2.851156,48.340054,0.0,0.907186,32.658696,5.313517999999999,0.26,0.36,0.0,23.71,1.25,3.06,1.04,17.95,8.9,1.23,0.35,2.02,8.74,0.13,0.77,0.83,0.0,0.0,0.17,0.06,1.77,High,7.4,25.0,2.279,17.11,74.62
17,Benin,0.0,0.5,0.0,5.36,0.23,0.92,0.24,3.27,1.19,0.02,0.07,4.97,0.73,3.92,1.2,0.07,0.0,0.0,1.12,36.39,0.37,12.052613999999998,0.64799,0.0,141.521016,0.388794,3.499146,5.83191,6.868694,2.851156,0.259196,0.388794,10.36784,12.182212,9.460654,100.049656,0.129598,13.737388,0.0,1.94397,41.730556,5.313517999999999,0.92,0.01,0.0,25.27,0.29,4.38,0.47,5.48,1.08,0.06,0.41,7.34,5.75,2.75,9.64,0.02,0.0,0.0,0.39,0.0,1.99,Low,7.4,18.8,1.942,0.99,61.77
18,Bhutan,0.0,8.15,0.0,10.95,2.39,0.35,0.28,6.94,4.25,0.07,0.08,0.46,0.3,3.51,0.27,0.17,0.0,0.0,2.51,20.36,0.36,11.404623999999998,9.331056,0.0,245.329014,4.406332,1.814372,7.516684,11.275026,27.993168,0.907186,0.388794,0.777588,6.739096,15.940554,18.014122,0.388794,17.625328,0.129598,16.329348,23.32764,6.609497999999999,0.84,0.09,0.0,42.08,2.61,2.41,0.9,5.75,20.05,0.22,0.55,0.3,3.41,3.28,2.72,0.14,0.0,0.0,2.53,0.01,2.16,Low,8.75952380952381,28.6,2.977,9.75,71.78
19,Bolivia,0.0,7.73,0.0,4.51,1.72,0.23,0.64,27.93,3.43,0.05,0.4,1.41,0.3,0.15,0.7,0.8,0.0,0.0,0.56,12.57,0.24,5.18392,8.942262,0.0,129.59799999999998,3.369548,0.777588,16.458945999999997,46.65528,9.331056,0.777588,1.684774,2.462362,7.387085999999999,0.518392,28.51156,1.684774,36.546636,0.0,4.017538,14.385378,4.017538,0.28,0.06,0.0,24.93,1.98,0.82,1.41,25.43,4.15,0.21,2.2,1.11,3.75,0.12,6.87,0.69,0.0,0.0,0.49,0.04,1.27,Moderate,13.9,25.4,4.393,6.89,71.51
20,Bosnia and Herzegovina,0.0,4.18,0.0,6.29,1.64,0.68,1.19,18.15,17.59,0.14,0.17,1.77,0.44,3.72,0.25,4.25,0.0,0.0,2.3,24.2,1.43,30.844324,4.924723999999999,0.0,172.235742,2.980754,1.94397,19.310102,29.677942,39.138596,1.555176,0.907186,2.980754,8.683066,9.07186,21.902062,7.516684,27.733972,0.0,3.369548,27.733972,21.38367,0.96,0.12,0.0,38.49,1.79,2.09,1.78,15.22,16.8,0.4,1.0,1.47,4.21,2.64,4.01,1.79,0.02,0.0,0.59,0.03,8.74,High,2.5,42.5,10.711,10.08,77.4
21,Botswana,0.0,3.74,0.0,11.45,0.32,0.3,0.3,4.83,11.58,0.3,0.28,1.86,0.12,0.92,0.26,1.03,0.0,0.0,0.13,32.11,0.28,11.275026,4.406332,0.0,162.904686,0.64799,0.777588,6.091106,12.700603999999998,30.196334,3.369548,1.166382,3.23995,2.59196,2.721558,17.366132,1.814372,33.306686,0.0,0.129598,36.805832,4.665528,0.47,0.13,0.0,33.54,0.39,0.71,0.46,12.6,13.59,0.83,1.52,1.79,1.3,0.69,2.44,0.5,0.0,0.0,0.04,0.02,1.62,Moderate,21.9,25.8,2.242,4.81,69.59
22,Brazil,0.0,10.38,0.0,2.82,3.12,0.42,0.65,36.75,14.01,0.0,0.33,4.2,0.59,0.04,0.29,0.33,0.03,0.08,0.36,65.39,0.28,10.497438,12.182212,0.0,118.193376,6.091106,1.684774,14.514976,61.55905,34.34347,0.0,1.684774,5.961507999999999,15.810956,0.129598,14.385378,1.4255779999999998,53.13518,1.555176,0.518392,74.90764399999999,4.53593,0.55,0.13,0.0,21.75,3.52,2.21,1.42,33.87,13.87,0.0,2.16,0.68,7.99,0.05,1.63,1.52,0.03,0.04,0.1,0.06,1.45,High,4.1,33.5,5.06,8.11,75.88
23,Bulgaria,0.0,17.36,0.0,3.64,1.35,0.67,0.45,17.8,16.81,0.04,0.44,3.95,0.09,0.17,0.06,0.53,0.0,0.0,1.37,60.6,0.47,18.014122,20.346886,0.0,121.044532,2.462362,2.073568,11.534222,31.233118,34.602666,0.518392,1.94397,5.83191,2.721558,0.518392,6.220704,1.684774,36.676234,0.0,1.94397,69.33493,6.350301999999999,1.02,0.4,0.0,27.76,1.55,2.3,1.12,18.81,15.66,0.14,2.22,1.69,1.34,0.13,1.1,1.0,0.0,0.0,0.4,0.02,2.08,High,3.0,44.7,13.272,5.81,75.05
24,Burkina Faso,0.0,4.31,0.0,12.98,0.26,0.67,0.81,17.42,2.42,0.02,0.29,13.6,1.7,0.37,0.04,0.04,0.0,0.0,1.69,10.17,0.33,8.553467999999999,5.18392,0.0,200.22891,0.518392,2.332764,9.849448,26.956384,5.83191,0.259196,1.036784,21.38367,41.600958,3.369548,2.59196,0.129598,6.4799,0.0,2.851156,11.66382,4.665528,0.98,0.21,0.0,40.68,0.32,2.81,0.86,11.91,2.27,0.06,1.26,6.75,20.85,0.99,0.31,0.1,0.0,0.0,0.57,0.0,2.13,Low,18.0,17.6,1.358,2.42,61.58
25,Burundi,0.0,0.36,0.0,2.52,0.04,0.16,0.33,1.3,0.67,0.01,0.04,0.4,1.19,0.0,1.52,0.0,0.0,0.0,0.0,6.79,0.21,7.516684,0.388794,0.0,39.916184,0.129598,0.64799,16.977338,2.203166,1.555176,0.129598,0.129598,0.64799,34.861861999999995,0.0,104.585586,0.129598,5.443116,0.0,0.0,7.775879999999999,2.980754,0.76,0.01,0.0,7.92,0.04,0.82,2.12,1.16,0.58,0.02,0.15,0.35,17.36,0.0,8.17,0.18,0.0,0.0,0.0,0.0,1.45,Low,19.05121951219512,17.5,1.504,6.05,61.58
26,Cambodia,0.0,2.38,0.0,5.8,0.31,3.29,0.11,8.22,0.41,0.09,0.08,3.97,0.15,0.28,0.68,0.07,0.0,0.05,0.12,11.56,0.19,6.4799,2.851156,0.0,213.707102,0.518392,11.793418,2.203166,12.182212,1.29598,1.036784,0.388794,7.646281999999999,4.924723999999999,0.64799,32.010706,0.259196,43.933722,0.907186,0.129598,13.218996,2.721558,0.43,0.09,0.0,33.86,0.33,13.79,0.21,4.54,0.51,0.27,0.53,3.28,2.42,0.2,2.46,0.07,0.0,0.02,0.03,0.01,1.32,Low,6.3,25.6,2.385,4.0,69.82
27,Cameroon,0.0,0.68,0.0,7.35,0.08,1.04,0.93,3.58,1.32,0.02,0.08,10.88,0.86,0.48,0.62,0.72,0.0,0.03,0.11,25.15,0.55,13.218996,0.777588,0.0,145.408956,0.129598,4.017538,28.51156,6.739096,3.110352,0.259196,0.259196,17.49573,25.012414,2.462362,58.707894,1.166382,14.126181999999998,1.036784,2.073568,28.770756,8.812664,0.87,0.02,0.0,28.42,0.1,5.06,2.45,4.64,1.28,0.07,0.39,6.14,12.78,0.71,5.08,0.31,0.01,0.09,0.4,0.0,3.27,Low,6.7,18.8,1.919,7.2,59.29
28,Canada,0.0,29.32,0.0,4.5,4.07,1.25,1.5,24.88,15.07,0.17,0.03,6.43,0.57,0.4,0.18,0.61,0.0,0.0,4.38,67.68,0.68,11.923016,34.861861999999995,0.0,121.044532,7.516684,4.53593,16.847739999999998,46.26648599999999,32.269901999999995,2.073568,0.259196,10.238242,10.497438,1.555176,14.90377,2.203166,53.13518,0.0,6.220704,77.37000599999999,10.36784,0.55,1.08,0.0,26.01,4.44,5.35,1.43,31.04,17.23,0.56,0.47,3.83,5.31,0.39,2.97,1.33,0.02,0.0,1.29,0.1,3.33,High,2.5,41.4,10.797,7.37,82.43
29,Central African Republic,0.0,2.43,0.0,3.32,0.09,0.52,0.49,13.39,1.35,0.01,0.29,12.57,0.51,0.01,1.01,0.06,0.0,0.0,0.0,20.46,0.09,2.332764,2.851156,0.0,35.898646,0.129598,1.814372,10.36784,23.846032,3.23995,0.129598,1.29598,18.921308,11.145428,0.0,87.089856,0.388794,10.886232,0.0,0.0,23.457238,1.4255779999999998,0.18,0.08,0.0,7.27,0.12,2.15,1.12,14.94,1.22,0.03,1.68,6.55,5.58,0.01,7.06,0.38,0.04,0.0,0.0,0.0,0.64,Low,52.2,18.3,2.251,6.1,53.28
30,Chad,0.0,3.15,0.0,10.21,0.05,0.67,0.08,15.09,2.63,0.01,0.75,19.76,0.49,0.0,0.2,0.03,0.0,0.0,0.0,12.68,0.03,0.64799,3.758342,0.0,162.386294,0.129598,2.332764,1.684774,28.122766,5.83191,0.129598,2.851156,30.45553,10.497438,0.0,15.681358,0.0,11.923016,0.0,0.0,14.514976,0.518392,0.06,0.05,0.0,34.68,0.06,2.89,0.14,18.94,2.09,0.02,3.42,8.81,5.12,0.0,1.45,0.01,0.0,0.0,0.0,0.0,0.23,Low,32.7,16.7,1.446,6.1,54.24
31,Chile,0.0,19.82,0.0,4.51,2.31,0.99,1.36,34.3,10.26,0.13,0.05,2.02,0.39,0.08,0.28,1.35,0.0,0.0,2.51,19.64,0.46,12.571006,22.938846,0.0,151.88885599999998,4.53593,3.369548,14.514976,56.50472799999999,24.494022,1.29598,0.259196,2.980754,6.091106,0.388794,14.774171999999998,2.332764,54.949552,0.0,3.499146,22.550052,8.812664,0.46,0.25,0.0,30.98,2.66,3.75,1.19,29.87,11.55,0.3,0.27,0.87,3.14,0.08,2.83,0.82,0.0,0.0,0.8,0.02,2.63,High,2.6,35.4,6.938,8.46,80.18
32,China,0.0,4.1,0.06,6.39,6.225,1.58,0.63,42.23,3.06,0.02,0.375,8.379999999999999,0.07,0.11,0.315,0.055,0.0,0.0,0.85,26.495,2.325,10.886232,4.795126,1.814372,198.155342,11.339825,7.257487999999999,14.126181999999998,60.32786899999999,7.192689,0.323995,1.4903769999999998,16.912539,1.684774,0.388794,20.282087,0.259196,10.756634,0.388794,1.814372,30.325932,32.205103,0.33,0.02,1.0550000000000002,36.06,6.815,9.41,1.29,19.715,2.955,0.1,1.855,8.16,0.9,0.11,2.87,0.375,0.01,0.0,0.375,0.0,14.195,Low,2.5,38.7,5.929,9.74,76.91
33,Colombia,0.0,2.98,0.0,2.78,3.52,0.76,4.02,20.25,9.23,0.02,0.2,1.78,0.3,0.14,0.53,0.53,0.0,0.0,0.22,43.72,0.32,8.035076,3.499146,0.0,116.379004,6.868694,2.332764,26.697188,34.084274,23.716434,0.259196,1.036784,2.721558,7.12789,0.388794,25.530806,1.036784,68.168548,0.129598,0.388794,50.024828,4.924723999999999,0.39,0.07,0.0,20.71,4.05,2.65,2.23,18.59,11.08,0.09,1.36,0.86,3.63,0.11,4.17,0.33,0.59,0.02,0.08,0.03,1.46,High,8.2,32.2,4.312,7.44,77.29
34,Comoros,0.0,0.64,0.0,2.81,0.43,1.36,0.21,6.94,1.58,0.02,0.18,15.55,0.87,0.17,0.33,0.22,0.0,0.0,0.02,29.23,0.11,0.388794,0.777588,0.0,133.874734,0.777588,4.147136,11.923016,14.126181999999998,5.054322,0.259196,0.777588,20.994876,19.310102,0.388794,35.509851999999995,0.388794,17.106935999999997,0.0,0.0,33.436284,1.814372,0.01,0.03,0.0,21.5,0.52,4.56,1.46,10.94,1.93,0.06,0.97,2.02,9.62,0.07,2.71,0.07,0.0,0.0,0.0,0.0,0.64,Low,20.4,20.4,1.726,11.88,64.32
35,Congo,0.0,0.1699999999999999,0.0,2.5,0.06,0.875,0.5549999999999999,5.18,0.385,0.025,0.265,3.515,0.16,0.065,1.11,0.225,0.0,0.0,0.005,24.375,0.29,5.378317,0.194397,0.0,53.78317,0.064799,3.499146,13.737388,10.497438,1.036784,0.323995,1.166382,5.572714,4.147136,0.259196,136.920287,0.388794,9.71985,0.323995,0.0,27.928369,2.851156,0.46,0.005,0.0,10.67,0.0699999999999999,4.4750000000000005,1.13,8.049999999999999,0.39,0.095,1.5,1.63,2.09,0.085,8.215,0.165,0.0,0.015,0.0,0.01,1.7,Low,35.7,19.0,2.063,7.2,64.57
36,Costa Rica,0.0,12.72,0.0,4.1,2.97,1.96,1.14,13.95,15.8,0.03,0.14,1.47,0.49,0.05,0.05,0.82,0.02,0.0,0.89,48.59,0.36,10.886232,14.774171999999998,0.0,129.857196,5.83191,5.572714,11.275026,26.308394,41.47136,0.518392,0.64799,2.332764,12.571006,0.388794,3.628744,1.684774,62.466236,0.0,1.29598,55.72714,5.702311999999999,0.12,0.14,0.0,23.82,3.41,5.63,1.07,18.03,20.6,0.17,0.93,0.83,6.33,0.1,0.6,0.69,0.02,0.0,0.27,0.02,1.79,High,3.4,33.6,5.694,8.78,80.28
37,Cote d'Ivoire,0.0,0.33,0.0,5.76,0.51,1.89,0.62,2.35,0.42,0.01,0.36,4.34,0.09,1.49,1.49,1.26,0.0,0.0,0.54,29.95,0.32,2.851156,0.388794,0.0,146.575338,0.907186,6.350301999999999,22.420454,5.572714,1.29598,0.259196,1.684774,6.868694,2.203166,3.758342,128.17242199999998,2.332764,13.737388,0.0,2.203166,34.213871999999995,4.017538,0.23,0.01,0.0,25.73,0.62,7.42,1.67,4.98,0.55,0.07,2.11,2.25,1.1,1.07,12.32,1.14,0.0,0.0,0.46,0.01,1.43,Low,4.4,18.7,1.582,2.42,57.78
38,Croatia,0.0,22.8,0.0,7.35,2.24,1.32,0.71,26.01,17.33,0.0,0.28,2.62,0.07,0.15,0.1,5.77,0.0,0.0,2.72,29.33,1.21,21.772464,27.21558,0.0,114.04624,4.147136,4.795126,13.348594,43.933722,40.304978,0.0,1.814372,3.758342,1.684774,0.518392,9.71985,9.201458,55.986336,0.0,3.758342,33.565881999999995,19.958092,1.15,0.87,0.0,24.31,2.44,5.85,1.17,24.41,20.92,0.0,1.6,1.04,0.82,0.14,1.73,1.6,0.06,0.0,0.76,0.03,5.61,High,2.5,44.0,13.053,5.59,78.49
39,Cuba,0.0,2.6,0.0,5.43,2.16,0.47,0.81,27.39,6.72,0.01,0.3,1.45,0.82,0.04,0.55,0.06,0.0,0.0,0.01,32.19,0.51,11.66382,2.980754,0.0,163.42307799999998,4.276733999999999,1.555176,23.97563,45.3593,16.458945999999997,0.129598,1.29598,2.332764,20.606082,0.129598,30.714726,0.259196,63.373422,0.0,0.0,36.93543,7.12789,0.22,0.0,0.0,28.97,2.48,1.74,1.77,24.01,7.18,0.04,1.54,0.81,10.34,0.03,2.31,0.2,0.0,0.0,0.0,0.0,2.5,Low,2.5,43.1,9.719,8.27,78.8
40,Cyprus,0.0,7.6,0.0,10.32,1.89,1.63,0.87,23.62,22.26,0.33,0.14,4.42,0.15,0.23,0.04,4.01,0.0,0.0,2.16,43.55,0.5,15.292564,8.942262,0.0,148.64890599999998,3.369548,5.961507999999999,11.145428,40.952968,48.728848,4.017538,0.518392,6.4799,3.758342,0.907186,4.017538,6.609497999999999,28.900354,0.0,3.110352,49.89523,8.683066,0.39,0.26,0.0,32.2,1.98,7.05,1.09,24.0,19.46,1.04,0.57,1.78,1.9,0.23,0.49,1.02,0.01,0.0,0.71,0.0,2.78,High,2.5,37.3,8.563,9.24,80.98
41,Czechia,0.0,31.46,0.0,2.99,2.74,0.94,0.6,23.98,19.26,0.1,0.25,1.78,0.16,0.13,0.16,2.84,0.0,0.0,1.64,62.77,0.49,42.508144,37.065028,0.0,93.95855,5.054322,2.721558,12.830202,41.341762,42.378546,1.29598,1.166382,2.721558,3.23995,0.518392,14.774171999999998,4.53593,43.41533,0.0,2.332764,71.92689,7.775879999999999,1.87,0.69,0.0,20.72,3.0,2.91,1.08,23.96,24.93,0.38,1.31,1.03,1.7,0.13,2.68,1.06,0.03,0.0,0.5,0.09,2.51,High,2.5,43.3,11.58,6.82,79.38
42,Denmark,0.0,46.98,0.0,3.65,4.4,3.4,1.61,22.13,28.42,0.0,0.01,2.33,0.07,0.83,0.14,5.29,0.0,0.0,4.22,20.34,0.74,20.73568,55.338346,0.0,102.900812,8.035076,9.71985,14.385378,39.397792,61.170256,0.0,0.0,3.499146,1.814372,2.721558,15.681358,8.942262,64.021412,0.0,6.091106,23.32764,9.460654,0.79,1.18,0.0,23.82,5.01,9.9,1.26,24.61,32.42,0.0,0.04,1.0,0.95,0.68,2.3,2.12,0.01,0.0,1.38,0.12,3.24,High,2.5,42.3,12.325,6.41,80.9
43,Djibouti,0.0,1.93,0.0,5.23,0.36,0.33,0.22,6.06,4.27,0.25,0.21,0.21,0.99,0.74,0.04,1.28,0.0,0.0,0.04,40.3,0.45,1.684774,2.203166,0.0,191.934638,0.64799,0.907186,6.4799,10.36784,10.238242,2.851156,0.777588,0.388794,24.753218,2.59196,3.369548,1.94397,49.117642,0.0,0.0,46.136888,6.998291999999999,0.02,0.03,0.0,38.07,0.39,1.03,0.57,5.82,4.33,0.71,0.93,0.15,12.77,0.53,0.62,0.3,0.0,0.0,0.01,0.02,2.73,Moderate,13.5,25.4,2.38,6.05,67.11
44,Dominica,0.0,4.81,0.0,2.64,0.7,2.63,2.13,23.41,11.4,0.09,0.27,6.91,0.32,0.44,0.74,3.04,0.0,0.04,0.02,24.19,0.35,10.886232,5.572714,0.0,80.99875,1.4255779999999998,7.905478,47.95126,39.008998,28.381962,1.036784,1.166382,9.849448,7.516684,1.94397,43.285732,4.665528,51.320808,0.777588,0.0,27.733972,8.164674,0.1,0.09,0.0,16.96,0.8,8.49,4.93,21.08,12.34,0.27,1.46,1.07,3.93,0.33,4.89,0.79,0.0,0.02,0.01,0.04,2.38,Low,6.9,31.66190476190476,5.597666666666667,11.62,75.0
45,Dominican Republic,0.0,3.98,0.0,2.51,3.31,0.57,8.47,13.71,9.22,0.14,0.28,9.76,0.52,0.14,0.19,0.66,0.0,0.0,0.15,46.38,0.62,13.60779,4.665528,0.0,92.66257,6.4799,2.073568,62.984628,24.234826,23.846032,2.332764,1.166382,13.218996,13.996584,0.518392,10.756634,1.29598,50.154426,0.0,0.259196,53.13518,8.942262,0.7,0.02,0.0,16.37,3.81,2.39,5.51,14.69,10.56,0.73,1.45,1.41,6.4,0.11,1.21,0.56,0.0,0.0,0.05,0.0,2.55,High,6.7,27.6,4.419,8.2,74.08
46,Ecuador,0.0,10.67,0.0,6.46,1.85,0.47,0.52,15.8,9.56,0.05,0.3,1.86,0.11,0.08,0.16,0.38,0.0,0.0,0.24,42.28,0.12,6.350301999999999,12.571006,0.0,141.521016,3.628744,1.814372,10.627036,26.56759,20.08769,0.64799,1.4255779999999998,2.980754,2.462362,0.259196,7.12789,0.518392,32.269901999999995,0.0,0.388794,48.469652,2.851156,0.0,0.24,0.0,26.56,2.13,2.29,0.86,14.71,8.8,0.18,1.91,1.03,1.31,0.09,1.26,0.06,0.0,0.0,0.07,0.02,0.75,Moderate,15.4,28.1,4.458,5.55,77.01
47,Egypt,0.0,3.34,0.0,15.42,0.87,1.71,0.78,6.12,4.01,0.01,0.27,4.53,0.15,0.29,0.18,0.15,0.0,0.1,0.36,23.51,0.73,0.129598,3.88794,0.0,275.006956,1.555176,6.220704,21.124474,11.923016,8.683066,0.259196,1.4255779999999998,6.091106,4.406332,1.166382,9.07186,0.388794,35.509851999999995,3.499146,0.518392,26.956384,13.348594,0.01,0.04,0.0,58.3,0.92,6.56,1.92,8.65,4.19,0.07,1.92,1.12,2.53,0.43,1.07,0.39,0.0,0.29,0.09,0.01,4.76,Low,5.1,25.3,2.891,17.31,71.99
48,El Salvador,0.0,8.79,0.0,13.22,2.1,0.57,2.13,10.83,10.81,0.13,0.06,4.19,0.89,0.05,0.14,0.36,0.0,0.0,0.18,12.25,0.61,4.017538,10.108644,0.0,176.38287799999998,4.147136,1.814372,13.348594,20.08769,24.105228,1.684774,0.388794,6.350301999999999,24.364424,0.129598,6.609497999999999,1.166382,31.362716,0.0,0.259196,13.996584,7.646281999999999,0.13,0.07,0.0,34.55,2.41,2.16,1.12,13.24,10.96,0.45,0.44,1.67,12.25,0.05,0.96,0.44,0.0,0.0,0.05,0.03,2.34,Moderate,7.7,27.6,5.417,8.87,73.32
49,Estonia,0.0,29.56,0.0,3.61,3.3,0.6,0.93,25.39,30.65,0.06,0.2,1.07,0.23,0.57,0.17,4.31,0.0,0.0,3.19,29.29,0.54,37.972214,35.898646,0.0,76.592418,6.091106,2.851156,13.218996,41.082566,74.130056,0.64799,0.907186,1.684774,5.702311999999999,1.94397,17.236534,7.257487999999999,41.082566,0.0,4.53593,33.565881999999995,9.07186,0.92,1.67,0.0,18.24,3.59,3.71,1.19,20.14,38.96,0.14,1.2,0.58,2.87,0.48,2.69,1.53,0.01,0.0,0.93,0.06,2.47,High,2.5,42.7,13.491,4.02,78.74
50,Eswatini,0.0,3.05,0.0,11.38,0.41,0.42,0.36,9.61,4.57,0.08,0.25,3.19,0.14,0.71,0.33,0.01,0.0,0.0,0.47,22.0,0.17,12.9598,3.628744,0.0,172.36533999999995,0.777588,1.166382,8.164674,16.977338,11.145428,0.907186,1.166382,4.924723999999999,3.369548,2.073568,20.865278,0.129598,44.970506,0.0,0.64799,25.27161,2.851156,0.99,0.06,0.0,33.55,0.5,1.18,0.88,10.49,4.17,0.21,1.47,1.76,1.73,0.52,2.91,0.21,0.0,0.0,0.18,0.03,0.98,Moderate,11.0,21.5,1.845,3.94,60.19
51,Ethiopia,0.0,1.16,0.0,7.26,0.09,0.04,0.69,3.15,3.57,0.0,0.15,1.49,1.47,2.11,0.19,0.01,0.0,0.0,0.38,7.45,0.07,3.628744,1.29598,0.0,221.61258,0.129598,0.129598,2.851156,5.443116,8.812664,0.0,0.518392,2.462362,28.51156,5.572714,11.404623999999998,0.518392,8.164674,0.0,0.518392,8.553467999999999,1.555176,0.27,0.01,0.0,45.62,0.1,0.17,0.26,3.13,3.83,0.01,0.63,1.19,14.95,1.52,1.2,0.55,0.0,0.0,0.11,0.0,0.56,Low,24.9,19.8,2.063,7.47,66.6
52,Fiji,0.0,11.49,0.0,3.26,1.67,2.4,0.23,13.86,2.83,0.07,0.28,8.19,0.54,0.32,0.93,0.75,0.0,0.0,0.2,29.82,0.45,5.702311999999999,13.737388,0.0,148.260112,3.110352,7.257487999999999,6.739096,24.234826,8.553467999999999,0.777588,1.166382,12.700603999999998,12.700603999999998,1.4255779999999998,41.341762,1.29598,45.3593,0.0,0.259196,34.213871999999995,8.164674,0.3,0.49,0.0,26.92,1.88,7.88,0.64,14.46,4.28,0.19,1.51,1.94,6.38,0.36,5.3,0.37,0.0,0.0,0.06,0.04,2.95,Low,5.7,28.6,3.284,14.49,67.44
53,Finland,0.0,23.76,0.0,4.1,3.08,2.6,0.83,40.26,31.33,0.25,0.19,1.88,0.14,0.15,0.16,2.46,0.0,0.0,1.77,26.17,0.58,22.03166,28.122766,0.0,115.860612,5.702311999999999,8.035076,13.996584,60.781462,63.632618,2.980754,0.907186,2.851156,4.406332,0.64799,15.422161999999998,5.443116,44.452114,0.0,2.59196,30.066736,7.775879999999999,0.91,0.91,0.0,28.39,3.55,8.97,1.32,24.85,35.25,0.78,1.05,0.93,2.29,0.14,2.75,2.55,0.01,0.0,0.53,0.15,2.57,Moderate,2.5,42.8,13.264,5.76,81.91
54,France,0.0,30.78,0.0,5.03,3.77,2.72,1.31,33.61,23.63,0.04,0.48,2.44,0.05,0.12,0.13,2.49,0.0,0.0,2.9,42.33,0.55,17.625328,36.028244,0.0,136.0779,6.998291999999999,8.035076,14.90377,54.171964,52.746386,0.388794,2.203166,3.628744,1.4255779999999998,0.518392,12.31181,4.795126,44.71131,0.0,4.276733999999999,48.469652,9.201458,0.41,0.74,0.0,31.96,4.35,8.44,1.41,27.04,32.43,0.1,2.8,1.1,0.75,0.12,2.2,1.81,0.01,0.0,0.87,0.03,3.32,High,2.5,42.0,13.079,4.77,82.66
55,French Polynesia,0.0,11.31,0.0,9.34,3.42,4.02,0.5,29.22,9.26,0.47,0.32,10.2,0.1,0.1,0.19,3.49,0.0,0.0,0.86,39.06,0.34,15.033368,13.218996,0.0,125.06207,6.350301999999999,12.441408,8.423869999999999,53.005582,20.606082,5.702311999999999,1.814372,15.422161999999998,2.462362,0.388794,15.033368,5.572714,31.75151,1.036784,1.29598,44.840908,6.091106,0.77,0.36,0.0,21.52,3.84,13.58,0.81,34.01,9.69,1.5,1.8,2.1,1.31,0.09,1.86,0.73,0.0,0.05,0.25,0.03,2.15,High,4.0,32.7,4.593,22.63,77.66
56,Gabon,0.0,0.98,0.0,4.58,0.2,2.12,0.74,17.15,2.39,0.13,0.4,12.76,0.01,0.01,0.62,0.32,0.0,0.01,0.02,11.82,0.22,13.866986,1.166382,0.0,119.748552,0.388794,6.868694,36.676234,34.34347,6.350301999999999,1.684774,1.94397,20.346886,0.259196,0.0,54.56075799999999,0.518392,21.902062,0.388794,0.0,13.60779,3.758342,1.14,0.03,0.0,23.26,0.25,7.82,2.67,25.83,2.51,0.49,2.62,6.7,0.13,0.01,5.02,0.1,0.0,0.03,0.01,0.02,1.45,Low,17.2,23.1,2.976,7.2,66.47
57,Gambia,0.0,0.41,0.0,5.99,0.41,1.6,0.05,3.67,2.72,0.12,0.06,15.5,0.05,0.02,0.02,0.23,0.0,0.0,0.18,22.38,0.13,1.29598,0.518392,0.0,187.398708,0.777588,5.961507999999999,0.907186,7.387085999999999,10.627036,1.555176,0.259196,24.62362,1.036784,0.259196,2.203166,0.64799,53.653572,0.0,0.259196,25.660404,2.073568,0.15,0.01,0.0,32.5,0.46,7.39,0.07,5.53,4.8,0.39,0.33,8.1,0.52,0.08,0.17,0.53,0.0,0.0,0.06,0.02,0.8,Low,21.6,17.5,1.417,1.91,62.05
58,Georgia,0.0,9.61,0.0,6.97,2.82,0.78,0.36,10.89,14.16,0.17,0.18,1.03,0.01,0.1,0.13,4.09,0.0,0.0,2.89,21.94,0.36,10.108644,11.145428,0.0,198.414538,5.18392,2.59196,8.294272,19.4397,33.825078,1.94397,0.777588,1.555176,0.129598,0.388794,11.275026,6.609497999999999,48.080858,0.0,3.88794,25.142012,5.572714,0.25,0.21,0.0,43.57,3.07,2.92,0.73,12.15,14.13,0.47,1.05,0.5,0.1,0.1,2.03,1.06,0.01,0.0,0.71,0.04,1.77,High,7.6,38.7,10.244,7.11,73.77
59,Germany,0.0,31.45,0.0,3.72,4.21,2.06,1.12,23.7,27.52,0.0,0.08,2.73,0.04,0.29,0.18,1.79,0.0,0.0,5.6,59.74,0.62,28.641158,36.805832,0.0,102.900812,7.775879999999999,4.795126,16.199749999999998,41.989752,60.91106,0.0,0.388794,4.53593,0.777588,1.036784,16.070152,3.628744,57.67111,0.0,7.905478,68.168548,9.849448,1.29,0.61,0.0,24.3,4.84,4.25,1.41,25.81,31.22,0.0,0.49,1.83,0.43,0.29,2.75,1.31,0.01,0.0,1.64,0.07,3.35,High,2.5,46.6,15.957,8.31,81.33
60,Ghana,0.0,0.67,0.0,4.72,0.25,2.18,1.03,3.13,0.31,0.03,0.15,9.56,0.32,0.87,1.66,0.06,0.0,0.0,0.07,18.63,0.19,3.758342,0.777588,0.0,114.823828,0.518392,6.998291999999999,48.59925,7.257487999999999,1.684774,0.259196,0.64799,14.25578,8.164674,3.758342,159.66473599999998,0.129598,17.49573,0.518392,0.907186,21.38367,3.23995,0.28,0.02,0.0,20.97,0.31,8.06,3.46,6.63,0.75,0.07,0.78,3.32,4.08,1.28,13.97,0.02,0.0,0.04,0.19,0.02,1.03,Low,4.1,21.1,1.948,4.97,64.07
61,Greece,0.0,6.64,0.0,3.27,2.37,1.18,1.12,19.26,26.43,0.08,0.35,9.96,0.16,0.12,0.12,1.78,0.0,0.0,5.12,76.81,0.87,10.627036,7.905478,0.0,105.103978,4.406332,4.924723999999999,24.494022,36.28744,51.320808,1.4255779999999998,1.29598,13.218996,4.017538,0.518392,11.275026,3.499146,43.026536,0.0,8.423869999999999,87.997042,12.700603999999998,0.35,0.22,0.0,25.02,2.72,6.27,2.68,24.95,24.95,0.44,1.57,1.63,2.05,0.12,2.03,1.23,0.02,0.0,1.66,0.07,4.61,Moderate,2.5,45.3,14.524,4.55,82.24
62,Grenada,0.0,5.5,0.0,2.04,5.04,2.76,4.59,20.66,6.42,0.4,0.2,7.68,0.2,1.46,0.13,1.12,0.0,0.0,0.38,35.65,0.39,12.830202,6.350301999999999,0.0,68.816538,9.849448,9.201458,25.9196,36.417038,24.882816,4.665528,0.777588,11.01583,5.18392,6.091106,7.387085999999999,1.814372,48.469652,0.0,0.518392,40.952968,7.257487999999999,0.15,0.08,0.0,13.26,5.8,10.59,2.36,21.98,10.66,1.15,1.05,1.75,2.52,1.32,1.05,0.29,0.0,0.0,0.11,0.09,2.15,Low,9.666666666666666,29.4,5.021,10.71,72.4
63,Guatemala,0.0,2.71,0.0,11.32,3.04,0.21,1.61,10.08,4.03,0.03,0.09,3.65,0.46,0.08,0.13,0.42,0.0,0.0,0.92,22.92,0.36,4.406332,3.23995,0.0,154.22162,5.961507999999999,0.777588,13.996584,20.346886,9.590252,0.518392,0.518392,5.702311999999999,11.534222,0.259196,6.868694,1.036784,66.354176,0.0,1.166382,26.308394,6.091106,0.15,0.06,0.0,32.02,3.49,0.97,1.44,15.39,4.12,0.18,0.56,1.69,5.86,0.07,1.32,0.54,0.0,0.0,0.11,0.02,1.78,Moderate,16.0,22.9,3.016,10.18,74.3
64,Guinea,0.0,1.2,0.0,3.91,0.46,0.65,0.46,4.53,1.64,0.05,0.18,9.1,0.21,0.0,0.64,0.12,0.0,0.0,0.02,44.72,1.02,0.518392,1.4255779999999998,0.0,161.9975,0.907186,2.332764,18.273318,8.294272,3.88794,0.518392,0.777588,13.478192,4.665528,0.0,73.48206599999999,0.64799,18.402916,0.0,0.0,51.19121,11.01583,0.03,0.02,0.0,26.81,0.57,2.89,1.57,5.52,1.51,0.13,1.04,4.42,2.3,0.0,5.26,0.51,0.0,0.0,0.01,0.01,5.01,Low,19.05121951219512,19.0,1.733,2.42,61.6
65,Guinea-Bissau,0.0,0.65,0.0,4.34,0.32,0.14,0.35,8.16,2.65,0.05,0.14,1.3,0.11,0.0,0.21,0.26,0.0,0.0,4.61,32.8,0.11,4.406332,0.777588,0.0,175.994084,0.64799,0.388794,10.886232,12.441408,6.091106,0.518392,0.518392,1.94397,2.332764,0.0,20.606082,0.388794,5.572714,0.0,7.516684,37.58342,1.684774,0.25,0.03,0.0,28.56,0.36,0.34,0.84,5.35,2.21,0.14,0.71,0.54,1.2,0.0,1.44,0.04,0.0,0.0,1.85,0.01,0.73,Low,31.7,19.4,1.565,2.42,58.32
66,Guyana,0.0,2.97,0.0,4.77,0.3,1.04,2.98,20.53,8.85,0.13,0.08,4.0,0.52,3.77,0.29,1.58,0.0,0.0,0.98,14.66,1.46,4.406332,3.369548,0.0,145.020162,0.518392,5.313517999999999,50.284024,33.565881999999995,26.308394,1.684774,0.259196,7.516684,9.201458,24.105228,17.236534,2.851156,36.805832,0.0,1.4255779999999998,16.847739999999998,24.62362,0.28,0.03,0.0,25.04,0.34,6.95,4.5,17.29,12.12,0.44,0.4,3.22,4.49,5.13,1.93,0.58,0.0,0.0,0.28,0.06,8.15,Moderate,4.9,26.3,2.837,11.62,69.91
67,Haiti,0.0,1.23,0.0,5.14,0.14,0.39,2.22,7.5,1.47,0.03,0.19,2.16,0.41,0.02,0.21,0.26,0.02,0.03,0.0,19.49,0.11,14.385378,1.4255779999999998,0.0,134.911518,0.259196,1.29598,14.25578,12.571006,5.443116,0.388794,0.907186,3.110352,11.01583,0.0,15.292564,0.777588,29.937138,0.518392,0.0,22.290856,2.332764,0.0,0.02,0.0,24.94,0.16,1.46,1.21,6.75,1.44,0.09,1.07,0.69,5.58,0.01,0.96,0.51,0.02,0.01,0.0,0.01,0.86,Low,47.2,24.3,2.954,6.65,64.0
68,Honduras,0.0,6.95,0.0,11.62,0.99,0.23,0.47,11.2,5.37,0.14,0.25,0.59,0.54,0.04,0.04,0.48,0.0,0.0,0.21,50.15,0.2,5.443116,8.035076,0.0,151.500062,1.94397,0.64799,7.646281999999999,19.4397,13.866986,1.684774,1.036784,0.907186,14.644574,0.129598,2.203166,0.777588,56.50472799999999,0.0,0.259196,57.411914,3.499146,0.18,0.02,0.0,29.6,1.14,0.73,0.7,11.58,6.25,0.44,1.27,0.22,7.39,0.05,0.29,0.13,0.0,0.0,0.06,0.01,1.1,Moderate,15.3,24.9,2.883,7.21,75.27
69,Hong Kong,0.0,10.56,0.0,2.45,6.93,2.78,0.64,55.79,7.52,0.34,4.45,2.74,0.05,0.28,0.03,3.42,0.08,0.0,2.27,29.18,1.24,6.350301999999999,12.31181,0.0,107.56634,12.700603999999998,12.441408,9.849448,93.051364,22.550052,3.628744,20.476484,5.961507999999999,1.29598,0.907186,4.53593,5.83191,38.361008,0.0,3.23995,33.436284,20.476484,0.29,0.11,0.0,17.29,7.74,15.73,0.96,49.76,8.21,0.81,26.33,2.95,0.62,0.23,0.26,1.12,0.03,0.0,0.64,0.02,6.77,Low,2.5,44.8,10.158,8.33,84.86
70,Hungary,0.0,35.48,0.0,3.81,3.98,0.61,0.57,31.92,15.94,0.0,0.08,1.19,0.09,0.07,0.08,2.48,0.0,0.0,0.18,54.17,0.63,25.530806,41.600958,0.0,111.843074,7.387085999999999,1.814372,12.571006,52.357592,34.213871999999995,0.0,0.388794,1.814372,2.462362,0.388794,8.294272,3.88794,58.189502,0.0,0.388794,62.20703999999999,9.201458,0.92,0.39,0.0,26.83,4.57,1.84,0.96,26.89,17.04,0.02,0.35,0.47,1.22,0.09,1.47,0.89,0.0,0.0,0.06,0.18,3.22,High,2.5,43.4,11.976,7.55,76.88
71,Iceland,0.0,25.0,0.0,14.31,2.78,6.62,1.5,45.96,35.75,0.3,0.45,3.06,0.03,0.35,0.08,5.19,0.0,0.0,2.48,30.56,0.54,19.050906,29.548344,0.0,101.08644,5.18392,24.234826,18.402916,71.797292,80.739554,3.369548,2.721558,4.665528,0.777588,1.4255779999999998,8.294272,9.201458,48.080858,0.0,3.499146,34.732264,7.646281999999999,1.12,0.88,0.0,25.15,3.19,29.39,1.55,32.59,35.45,0.8,1.88,1.49,0.4,0.34,1.29,2.74,0.01,0.0,0.72,0.01,2.64,High,2.5,37.3,9.207,5.31,82.99
72,India,0.0,9.26,0.0,5.82,1.05,0.5,0.52,1.22,7.19,0.0,0.02,6.97,1.15,0.94,0.09,0.02,0.0,0.07,0.61,23.75,0.51,1.814372,10.627036,0.0,181.566798,1.94397,1.94397,10.108644,2.332764,21.124474,0.0,0.129598,10.36784,18.014122,4.017538,7.387085999999999,0.129598,27.085982,1.29598,1.29598,27.21558,8.553467999999999,0.01,0.04,0.0,33.61,1.15,2.35,0.94,1.59,10.3,0.0,0.1,2.68,8.16,1.1,1.15,0.26,0.05,0.03,0.26,0.0,3.45,Moderate,16.3,28.2,3.414,10.39,69.66
73,Indonesia,0.0,0.48,0.0,6.29,4.42,2.76,1.02,5.06,0.75,0.0,0.05,6.79,0.05,0.51,0.51,0.33,0.06,0.0,0.33,39.25,0.32,0.259196,0.518392,0.0,208.263986,8.164674,11.01583,12.052613999999998,9.331056,2.59196,0.0,0.259196,11.534222,1.166382,2.073568,26.049198,0.64799,33.954676,0.0,0.518392,44.970506,5.702311999999999,0.01,0.02,0.0,32.9,4.92,13.86,1.15,6.11,1.47,0.0,0.32,3.08,0.61,0.48,1.41,0.44,0.02,0.0,0.1,0.03,1.9,Low,6.5,29.3,3.053,6.32,71.72
74,Iran,0.0,6.06,0.0,8.07,2.46,1.04,1.25,11.28,3.61,0.0,0.2,1.28,0.26,0.29,0.25,0.1,0.0,0.0,6.59,37.61,0.7,0.129598,6.998291999999999,0.0,200.22891,4.406332,3.23995,26.826786,20.994876,9.201458,0.0,0.777588,1.814372,5.443116,0.907186,12.182212,0.388794,41.600958,0.518392,9.71985,43.026536,11.793418,0.01,0.08,0.0,43.89,2.58,3.6,2.53,14.2,4.95,0.01,0.92,0.47,2.62,0.29,1.5,0.5,0.01,0.02,2.08,0.0,3.84,Moderate,4.1,32.4,3.182,9.59,76.68
75,Iraq,0.0,4.28,0.0,10.0,0.76,0.24,0.52,3.58,3.77,0.11,0.05,1.34,0.27,0.13,0.13,1.68,0.0,0.0,1.22,37.25,0.48,0.777588,4.924723999999999,0.0,211.763132,1.4255779999999998,0.907186,15.422161999999998,6.609497999999999,8.683066,1.4255779999999998,0.129598,1.814372,6.350301999999999,0.518392,6.220704,2.59196,26.308394,0.0,1.684774,42.637742,8.164674,0.02,0.04,0.0,44.38,0.79,1.01,1.37,4.24,4.11,0.39,0.21,0.32,3.2,0.1,0.77,0.5,0.0,0.0,0.36,0.01,2.64,Moderate,15.9,20.0,1.957,8.83,70.6
76,Ireland,0.0,22.58,0.0,6.03,2.56,2.55,0.66,28.15,30.61,0.17,0.16,3.15,0.07,0.25,0.13,8.79,0.0,0.0,2.07,54.06,0.58,31.10352,26.437992,0.0,126.617246,4.795126,6.868694,17.366132,50.54322,67.779754,1.814372,0.64799,4.795126,1.94397,0.907186,14.644574,13.60779,55.338346,0.0,2.980754,61.818246,9.979046,1.71,0.44,0.0,27.32,2.95,6.7,1.55,31.74,30.56,0.42,0.5,1.45,1.0,0.24,2.53,2.04,0.01,0.0,0.61,0.08,3.6,High,2.5,38.7,8.678,3.28,82.3
77,Israel,0.0,6.43,0.0,5.21,3.17,1.7,6.53,26.16,15.16,0.16,0.27,10.5,0.25,0.28,0.09,3.23,0.0,0.0,4.51,61.76,0.88,6.609497999999999,7.387085999999999,0.0,149.81528799999998,5.83191,5.572714,24.753218,53.394376,36.676234,1.94397,1.29598,15.810956,4.924723999999999,1.166382,8.294272,5.702311999999999,47.821662,0.0,6.609497999999999,70.63091,13.737388,0.27,0.07,0.0,33.41,3.66,6.26,2.05,41.4,20.58,0.53,1.68,4.22,2.39,0.28,1.48,1.46,0.01,0.0,1.43,0.06,4.36,High,2.5,30.6,7.359,6.74,82.97
78,Italy,0.0,14.53,0.0,3.93,3.06,2.24,1.0,22.34,18.52,0.04,0.19,1.5,0.37,0.06,0.09,0.36,0.0,0.0,5.32,79.18,0.51,16.718142,17.236534,0.0,139.44744799999998,5.702311999999999,7.387085999999999,20.217288,39.397792,41.600958,0.64799,0.907186,2.073568,9.460654,0.259196,9.201458,1.4255779999999998,43.41533,0.0,7.775879999999999,90.589002,8.294272,0.48,0.44,0.0,32.84,3.53,8.3,2.08,23.92,20.2,0.19,1.13,0.38,4.8,0.06,1.6,1.09,0.01,0.0,1.53,0.04,3.08,High,2.5,47.9,16.24,4.78,83.51
79,Jamaica,0.0,8.13,0.0,3.56,0.71,1.9,0.65,15.58,8.71,0.19,0.21,2.68,0.17,2.82,0.45,0.47,0.0,0.0,0.28,32.51,0.47,7.516684,9.460654,0.0,111.972672,1.29598,6.220704,19.050906,28.900354,19.698896,2.203166,1.036784,3.88794,4.406332,6.998291999999999,25.660404,0.907186,53.653572,0.0,0.388794,37.324224,7.905478,0.13,0.05,0.0,23.83,0.78,7.0,1.67,19.13,8.4,0.57,1.38,0.96,2.19,2.0,3.68,0.37,0.0,0.0,0.08,0.08,2.54,Low,6.9,31.4,6.39,11.28,74.47
80,Japan,0.0,3.5,0.01,3.21,5.54,5.78,0.37,14.56,6.37,0.04,0.19,5.67,0.05,0.24,0.08,1.39,0.0,0.0,1.27,41.8,0.64,11.404623999999998,4.017538,0.129598,133.226744,10.238242,16.458945999999997,6.091106,27.21558,15.681358,0.388794,0.907186,15.033368,1.555176,1.29598,7.257487999999999,2.721558,34.084274,0.0,1.94397,47.821662,9.460654,0.31,0.02,0.1,20.87,6.25,16.73,0.58,18.38,7.48,0.1,1.12,9.27,0.74,0.3,0.81,1.09,0.08,0.0,0.4,0.05,3.65,Low,3.2,48.2,18.493,5.72,84.63
81,Jordan,0.0,3.6,0.0,5.81,1.39,0.53,0.36,11.5,6.14,0.07,0.15,3.88,0.47,0.26,0.07,1.38,0.0,0.0,2.06,53.14,0.55,0.259196,4.147136,0.0,121.433326,2.462362,1.4255779999999998,7.775879999999999,21.254072,15.292564,0.907186,0.518392,5.702311999999999,8.164674,0.777588,4.924723999999999,2.851156,49.376838,0.0,3.110352,60.91106,8.942262,0.01,0.03,0.0,25.34,1.46,1.39,0.77,14.14,7.52,0.25,0.6,1.4,3.97,0.2,0.6,1.08,0.0,0.0,0.72,0.02,3.27,High,16.9,23.2,2.361,11.75,74.53
82,Kazakhstan,0.0,9.63,0.0,4.57,2.14,0.2,0.44,27.34,26.56,0.07,0.56,0.85,0.29,0.31,0.29,2.99,0.0,0.0,3.37,54.15,1.19,13.089398,11.145428,0.0,125.06207,3.88794,0.64799,11.923016,46.65528,62.85502999999999,0.907186,2.462362,1.29598,7.516684,0.907186,25.530806,4.665528,36.028244,0.0,4.795126,62.077442,20.865278,0.51,0.18,0.0,27.31,2.33,0.8,0.83,26.37,26.95,0.23,3.17,0.44,3.79,0.24,4.7,0.77,0.0,0.0,1.02,0.06,5.43,Moderate,2.5,30.6,4.625,7.11,73.6
83,Kenya,0.0,1.52,0.0,8.27,0.39,0.18,1.49,4.03,8.28,0.0,0.15,1.56,0.8,0.05,0.19,0.05,0.0,0.1,0.41,22.07,0.33,2.462362,1.814372,0.0,138.799458,0.777588,0.64799,12.182212,6.998291999999999,19.050906,0.0,0.518392,2.332764,20.476484,0.129598,18.014122,0.129598,24.753218,3.628744,0.64799,25.401208,5.443116,0.17,0.05,0.0,28.43,0.49,0.82,1.35,4.13,6.88,0.01,0.69,0.6,10.28,0.05,2.11,0.01,0.0,0.3,0.12,0.09,2.02,Low,26.9,20.0,1.528,2.92,66.7
84,Kuwait,0.0,6.25,0.0,7.28,4.1,1.01,0.98,22.97,11.85,0.22,0.42,2.97,0.37,1.38,0.08,4.64,0.0,0.0,2.39,37.98,1.15,0.518392,7.12789,0.0,184.67715,7.516684,3.499146,28.122766,41.860154,28.51156,2.851156,1.166382,4.276733999999999,6.609497999999999,4.665528,9.71985,7.516684,44.840908,0.0,3.628744,43.544928,17.366132,0.0,0.07,0.0,35.51,4.47,4.06,2.33,27.03,13.96,0.8,1.17,0.95,3.32,1.08,1.55,1.45,0.0,0.0,0.8,0.01,5.92,High,2.7,33.7,1.114,15.84,75.49
85,Kyrgyzstan,0.0,4.14,0.0,4.93,1.31,0.12,0.24,14.06,18.89,0.03,0.62,0.66,0.16,0.24,0.28,2.34,0.0,0.0,6.39,13.04,0.98,4.276733999999999,4.795126,0.0,160.312726,2.462362,0.259196,5.054322,23.198042,48.21045599999999,0.388794,2.332764,0.907186,4.147136,0.777588,24.882816,3.628744,20.994876,0.0,8.683066,14.90377,19.180504,0.06,0.07,0.0,34.73,1.42,0.32,0.35,12.13,19.71,0.1,2.64,0.24,2.11,0.24,4.57,0.61,0.0,0.0,1.57,0.01,5.64,Moderate,5.3,26.3,2.882,7.11,71.45
86,Laos,0.0,4.92,0.0,8.19,0.52,1.66,0.66,17.5,0.2,0.06,0.32,5.15,0.06,0.94,0.29,0.02,0.0,0.12,0.46,8.96,1.17,7.387085999999999,5.83191,0.0,208.65278,0.907186,5.961507999999999,21.772464,25.790002,1.29598,0.64799,1.4255779999999998,8.812664,1.4255779999999998,2.462362,15.810956,3.369548,17.884524,2.203166,0.64799,10.238242,16.458945999999997,0.07,0.19,0.0,38.32,0.57,7.21,2.2,9.6,0.47,0.18,1.84,3.2,0.68,0.6,1.03,3.52,0.02,0.06,0.13,0.01,7.63,Low,5.1,24.4,2.322,4.0,67.92
87,Latvia,0.0,23.96,0.0,4.98,3.61,2.46,0.83,23.93,21.66,0.1,0.37,2.4,0.01,0.26,0.22,6.73,0.0,0.0,2.48,46.93,0.63,20.08769,28.770756,0.0,110.1583,6.609497999999999,7.257487999999999,10.238242,40.17538,44.322516,1.166382,1.684774,3.499146,0.129598,0.907186,19.828494,10.497438,45.229702,0.0,3.499146,53.78317,10.36784,1.06,1.1,0.0,24.3,3.95,7.67,0.94,21.91,22.49,0.29,2.04,0.94,0.06,0.24,3.62,1.56,0.02,0.0,0.69,0.05,3.73,High,2.5,43.9,14.136,4.91,75.29
88,Lebanon,0.0,2.29,0.0,3.67,1.26,0.66,1.12,9.73,7.71,0.1,0.07,4.84,0.54,0.15,0.4,1.0,0.0,0.0,4.69,47.58,0.52,1.29598,2.721558,0.0,144.63136799999998,2.332764,2.073568,13.478192,17.625328,16.847739999999998,1.555176,0.259196,6.868694,11.145428,0.64799,20.08769,2.332764,56.115934,0.0,6.739096,54.56075799999999,9.201458,0.05,0.05,0.0,28.57,1.33,2.29,1.37,11.17,7.87,0.48,0.4,1.51,5.55,0.14,2.53,0.78,0.0,0.0,1.49,0.02,3.21,High,10.9,31.1,5.43,12.71,78.93
89,Lesotho,0.0,0.73,0.0,11.42,0.14,0.36,0.16,5.52,5.19,0.15,0.76,0.53,0.11,0.29,0.17,0.36,0.0,0.0,0.06,18.6,0.14,4.924723999999999,0.907186,0.0,162.64549,0.259196,1.036784,2.721558,9.07186,13.737388,2.332764,3.369548,0.777588,3.369548,1.036784,14.774171999999998,0.64799,16.977338,0.0,0.129598,21.254072,2.073568,0.29,0.01,0.0,33.23,0.17,1.06,0.22,4.67,6.39,0.69,3.56,0.3,1.66,0.27,2.72,0.23,0.0,0.0,0.02,0.01,0.93,Low,34.7,22.2,2.647,3.94,54.33
90,Liberia,0.0,0.52,0.0,3.31,0.38,0.2,0.15,7.18,0.38,0.05,0.41,1.59,0.06,0.0,0.43,0.14,0.0,0.0,0.4,29.6,0.21,4.795126,0.64799,0.0,140.87302599999998,0.64799,0.777588,8.553467999999999,12.182212,1.036784,0.518392,1.814372,2.721558,1.29598,0.0,49.89523,0.259196,8.812664,1.684774,0.518392,33.954676,2.59196,0.05,0.02,0.0,22.37,0.46,1.06,0.91,6.82,0.35,0.14,2.18,1.13,0.65,0.0,3.49,0.06,0.0,0.09,0.11,0.01,1.02,Low,38.3,19.2,1.756,2.42,64.1
91,Libya,0.0,3.56,0.0,7.06,2.52,1.52,0.5,11.21,9.24,0.15,0.15,6.62,0.1,0.4,0.13,2.83,0.0,0.0,3.73,47.77,0.89,0.129598,4.147136,0.0,189.083482,4.53593,4.017538,17.49573,21.772464,22.420454,1.94397,0.388794,8.553467999999999,2.59196,1.166382,6.739096,4.665528,41.730556,0.0,5.18392,54.690356,14.90377,0.0,0.1,0.0,38.03,2.64,3.96,1.56,15.59,9.29,0.57,0.45,1.27,1.33,0.33,0.84,1.12,0.0,0.0,1.11,0.01,4.74,Moderate,19.05121951219512,29.0,2.816,10.43,72.91
92,Lithuania,0.0,16.55,0.0,5.43,3.29,2.77,0.84,33.16,28.72,0.02,0.27,2.46,0.11,0.13,0.13,0.84,0.0,0.0,2.84,27.39,0.51,25.9196,19.050906,0.0,143.85378,6.091106,8.812664,9.979046,56.37513,64.66940199999999,0.388794,1.29598,3.628744,2.59196,0.518392,12.571006,2.332764,48.728848,0.0,4.147136,31.362716,8.294272,1.08,0.17,0.0,31.7,3.59,10.01,0.99,31.52,37.1,0.11,1.56,1.17,1.28,0.14,2.26,1.16,0.02,0.0,0.84,0.04,2.41,High,2.5,43.5,13.778,3.67,75.93
93,Luxembourg,0.0,16.06,0.0,14.51,4.62,1.97,1.06,43.94,21.54,0.41,0.21,2.94,0.1,0.5,0.07,9.73,0.0,0.0,0.79,23.36,0.69,41.989752,18.402916,0.0,138.410664,8.423869999999999,7.257487999999999,16.588544,68.03895,46.525682,4.924723999999999,1.036784,4.406332,2.462362,1.94397,7.775879999999999,17.106935999999997,33.306686,0.0,1.166382,26.826786,10.108644,1.01,0.16,0.0,27.07,4.96,8.41,1.48,30.05,22.51,1.26,1.16,1.09,1.22,0.52,1.31,4.41,0.01,0.0,0.22,0.02,3.51,High,2.5,39.7,9.842,4.42,82.25
94,Macao,0.0,8.82,0.0,9.44,5.55,2.99,0.65,45.54,3.13,0.79,0.25,3.02,0.05,0.36,0.06,3.02,0.0,0.0,2.39,49.96,0.72,11.66382,10.238242,0.0,124.932472,10.238242,13.348594,10.108644,74.51885,9.331056,10.627036,1.29598,5.572714,1.166382,2.462362,7.257487999999999,5.572714,33.436284,0.0,3.628744,57.282316,11.923016,0.3,0.09,0.0,20.05,6.05,16.49,0.93,38.33,3.07,2.99,1.62,2.71,0.57,0.53,0.59,1.25,0.0,0.0,0.72,0.01,4.69,Low,4.8,39.2,4.991,9.060909090909092,84.24
95,Madagascar,0.0,0.44,0.0,4.54,0.14,0.22,0.57,2.47,1.67,0.01,0.02,0.54,0.1,0.13,0.4,0.02,0.0,0.01,0.09,10.97,0.08,1.166382,0.518392,0.0,152.018454,0.259196,0.907186,6.998291999999999,4.017538,4.147136,0.129598,0.129598,0.777588,2.073568,0.388794,36.805832,0.259196,9.07186,0.388794,0.129598,12.571006,1.166382,0.09,0.01,0.0,26.51,0.16,1.13,0.72,2.08,1.56,0.02,0.14,0.13,1.04,0.07,2.78,0.26,0.0,0.03,0.03,0.0,0.54,Low,48.5,19.6,1.686,3.94,67.04
96,Malawi,0.0,1.87,0.0,14.46,0.22,0.67,2.09,16.15,1.21,0.01,0.15,1.01,0.65,0.05,0.75,0.02,0.0,0.0,0.08,11.93,0.36,2.462362,2.203166,0.0,182.344386,0.388794,2.462362,29.289148,23.198042,2.721558,0.129598,0.518392,2.332764,20.476484,0.129598,44.840908,0.129598,10.627036,0.0,0.129598,13.737388,6.609497999999999,0.23,0.1,0.0,37.17,0.27,3.0,2.6,7.82,1.09,0.04,0.59,2.06,9.41,0.03,4.05,0.1,0.0,0.0,0.02,0.0,2.5,Low,17.8,18.1,1.783,3.94,64.26
97,Malaysia,0.0,3.47,0.0,4.12,4.99,3.24,0.33,20.45,2.34,0.15,0.04,4.84,0.12,1.32,0.06,0.01,0.01,0.0,0.67,60.43,0.43,1.555176,4.147136,0.0,152.40724799999998,9.201458,12.571006,6.868694,36.157842,9.590252,2.462362,0.259196,8.423869999999999,3.369548,6.091106,5.83191,0.129598,53.394376,0.0,1.036784,69.205332,7.516684,0.12,0.13,0.0,24.47,5.61,15.76,0.6,22.06,2.54,0.78,0.27,2.34,1.66,1.65,0.64,0.26,0.01,0.0,0.23,0.07,2.71,Low,2.5,29.9,3.407,16.74,76.16
98,Maldives,0.0,2.66,0.0,5.17,3.31,7.44,0.34,4.2,5.65,0.18,0.0,6.28,0.13,0.82,0.05,1.18,0.0,0.0,14.29,6.95,0.42,1.814372,3.110352,0.0,134.52272399999998,6.091106,23.716434,9.71985,8.683066,17.236534,1.94397,0.0,9.590252,2.462362,2.980754,3.88794,2.721558,26.049198,0.0,21.642866,8.035076,8.035076,0.03,0.06,0.0,22.26,3.61,27.14,0.82,6.76,5.8,0.46,0.02,3.03,1.19,0.78,0.62,0.58,0.0,0.0,4.29,0.01,2.6,High,8.75952380952381,30.6,2.875,9.19,78.92
99,Mali,0.0,0.31,0.0,16.12,0.13,0.45,0.48,2.04,5.87,0.02,0.07,2.2,0.54,0.21,0.14,0.13,0.0,0.0,2.08,19.91,0.71,3.499146,0.388794,0.0,267.101478,0.259196,1.684774,11.01583,4.276733999999999,12.700603999999998,0.259196,0.259196,3.628744,9.849448,1.4255779999999998,10.497438,0.259196,12.830202,0.0,3.499146,22.67965,11.923016,0.29,0.01,0.0,51.06,0.16,2.06,1.06,3.47,4.81,0.06,0.36,1.32,4.91,0.32,1.18,0.14,0.0,0.0,0.83,0.0,4.6,Low,9.8,16.4,1.486,2.42,59.31
100,Malta,0.0,14.45,0.0,10.77,3.07,4.17,0.7,23.73,20.77,0.05,0.12,3.16,0.06,0.19,0.05,4.98,0.0,0.0,2.25,37.77,0.89,13.60779,16.847739999999998,0.0,140.87302599999998,5.702311999999999,10.36784,12.830202,44.840908,43.674526,0.907186,0.518392,4.665528,1.555176,0.777588,7.387085999999999,8.164674,62.466236,0.0,3.23995,43.285732,13.737388,0.45,0.16,0.0,31.66,3.56,9.49,1.24,31.0,19.65,0.27,0.64,1.25,0.76,0.21,1.19,1.28,0.0,0.0,0.69,0.04,4.94,High,2.5,42.4,11.324,8.83,82.53
101,Mauritania,0.0,2.7,0.0,7.07,0.63,0.72,0.13,8.11,13.41,0.05,0.39,0.63,0.48,0.29,0.04,0.74,0.0,0.0,0.0,28.33,0.27,0.0,3.110352,0.0,212.151926,1.166382,2.203166,4.665528,15.810956,32.010706,0.518392,1.4255779999999998,1.036784,11.66382,0.907186,3.110352,1.555176,48.469652,0.0,0.0,32.529098,5.313517999999999,0.0,0.04,0.0,43.19,0.69,2.4,0.36,11.49,13.51,0.14,1.66,0.44,5.88,0.23,0.45,0.97,0.0,0.0,0.0,0.01,1.58,Low,10.1,20.3,1.792,2.42,64.92
102,Mauritius,0.0,3.4,0.0,6.8,1.48,2.11,0.26,12.97,5.23,0.22,0.11,3.0,0.57,0.82,0.05,2.27,0.0,0.0,0.78,56.18,0.35,8.035076,4.017538,0.0,173.531722,2.851156,6.868694,6.609497999999999,25.660404,20.08769,2.721558,0.518392,4.53593,12.700603999999998,2.980754,6.091106,3.628744,40.045782,2.462362,1.166382,64.410206,7.12789,0.49,0.11,0.0,32.94,1.83,7.64,0.61,18.82,10.43,0.72,0.56,1.44,6.43,0.77,0.93,0.68,0.0,0.13,0.26,0.05,2.27,Low,7.8,37.4,5.884,22.02,74.99
103,Mexico,0.0,5.68,0.0,12.38,4.92,0.95,1.16,29.5,8.95,0.0,0.43,1.36,0.44,0.28,0.05,0.48,0.0,0.0,1.35,35.5,0.37,9.71985,6.609497999999999,0.0,174.30930999999998,9.71985,3.499146,15.162966,47.044074,21.254072,0.0,1.94397,2.203166,11.923016,1.166382,4.147136,0.777588,53.78317,0.0,1.684774,40.693772,5.702311999999999,0.55,0.01,0.0,34.51,5.71,4.22,1.79,22.53,9.89,0.01,2.57,0.71,5.36,0.4,0.55,0.17,0.07,0.0,0.24,0.07,1.83,Moderate,6.1,29.3,4.321,13.06,75.05
104,Moldova,0.0,11.27,0.0,3.93,2.16,0.95,0.43,15.9,7.64,0.1,0.16,0.46,0.16,0.03,0.12,1.4,0.0,0.0,0.82,31.2,0.45,11.01583,13.089398,0.0,151.88885599999998,4.017538,2.980754,12.182212,25.401208,23.97563,1.166382,1.036784,0.64799,4.147136,0.129598,10.756634,2.332764,30.714726,0.0,1.166382,35.769048,6.739096,0.39,0.07,0.0,32.54,2.36,3.27,0.89,12.18,8.94,0.27,0.87,0.17,2.05,0.04,1.97,0.38,0.0,0.0,0.21,0.02,2.1,High,6.7,37.6,6.955,5.72,71.9
105,Mongolia,0.0,21.71,0.0,10.43,1.52,0.07,0.09,51.09,20.12,0.11,5.08,0.42,0.02,0.01,0.18,2.64,0.0,0.0,0.7,20.56,0.38,13.089398,25.142012,0.0,124.932472,2.851156,0.129598,2.462362,82.42432799999999,44.840908,1.166382,16.329348,0.777588,0.518392,0.0,16.977338,4.147136,16.718142,0.0,0.907186,23.586836,6.609497999999999,0.42,0.16,0.0,23.95,1.71,0.17,0.16,40.88,17.22,0.29,17.8,0.31,0.23,0.01,3.11,0.57,0.0,0.0,0.19,0.04,1.98,Low,3.6,28.6,2.421,4.82,69.87
106,Montenegro,0.0,8.44,0.0,11.13,2.93,1.09,1.04,44.73,32.12,0.39,0.24,2.11,0.21,0.13,0.07,7.09,0.0,0.0,2.32,23.93,0.7,18.14372,9.849448,0.0,145.408956,5.443116,3.758342,20.865278,67.520558,66.224578,4.276733999999999,1.4255779999999998,3.110352,5.313517999999999,0.518392,7.516684,11.01583,39.656988,0.0,3.23995,27.474776,9.590252,0.93,0.16,0.0,30.79,3.2,4.26,2.05,27.51,30.76,1.03,1.36,0.93,2.64,0.13,1.31,1.74,0.01,0.0,0.61,0.04,2.98,High,2.5,39.1,9.395,10.08,76.88
107,Morocco,0.0,5.15,0.0,9.52,2.01,1.59,0.97,10.36,3.01,0.01,0.32,0.76,0.78,0.59,0.1,0.44,0.0,0.0,3.6,36.27,0.37,0.777588,5.961507999999999,0.0,247.143386,3.758342,5.18392,17.366132,19.828494,9.460654,0.259196,1.166382,1.036784,9.71985,2.203166,9.590252,1.036784,44.581712,0.0,5.18392,41.600958,8.683066,0.03,0.05,0.0,55.82,2.49,6.06,1.53,14.05,5.23,0.07,1.26,0.18,5.59,0.69,1.53,0.7,0.0,0.0,1.31,0.01,2.6,Moderate,5.6,29.6,4.209,7.14,76.68
108,Mozambique,0.0,0.75,0.0,6.56,0.32,0.84,0.15,4.4,0.44,0.02,0.02,1.35,0.39,0.01,0.53,0.08,0.0,0.0,0.51,22.21,0.15,1.94397,0.907186,0.0,122.988502,0.64799,3.23995,5.443116,6.4799,1.166382,0.259196,0.129598,2.073568,10.627036,0.0,65.317392,0.259196,14.126181999999998,0.64799,0.777588,25.401208,2.851156,0.17,0.01,0.0,23.81,0.39,3.97,0.64,2.44,0.43,0.06,0.15,0.61,5.41,0.01,4.6,0.3,0.0,0.03,0.19,0.01,0.97,Low,19.05121951219512,17.7,1.87,3.3,60.85
109,Myanmar,0.0,5.96,0.0,6.27,2.54,3.89,0.38,31.98,2.6,0.04,0.27,20.21,1.07,0.8,0.08,0.02,0.11,0.0,0.24,20.07,0.46,0.907186,6.998291999999999,0.0,170.29177199999998,4.665528,13.737388,7.775879999999999,48.469652,7.646281999999999,0.388794,1.166382,30.066736,17.236534,2.462362,4.795126,0.388794,22.161258,0.0,1.684774,22.938846,8.423869999999999,0.04,0.23,0.0,30.95,2.73,15.63,0.64,19.99,5.4,0.09,1.45,6.19,7.93,0.76,0.49,0.55,0.41,0.0,0.26,0.0,3.32,Low,3.1,29.1,3.12,4.61,67.13
110,Namibia,0.0,4.88,0.0,9.48,0.26,0.85,0.28,9.92,5.26,0.1,0.28,0.38,0.67,0.53,0.63,0.94,0.0,0.0,0.15,23.15,0.15,22.290856,5.702311999999999,0.0,142.428202,0.518392,2.980754,5.313517999999999,18.662112,12.9598,1.166382,1.036784,0.518392,10.238242,1.684774,38.620204,1.555176,35.250656,0.0,0.259196,26.56759,2.721558,0.92,0.07,0.0,29.35,0.3,3.66,0.43,12.7,5.3,0.28,1.34,0.2,5.38,0.43,5.33,0.35,0.0,0.0,0.04,0.02,1.01,Moderate,18.0,22.0,2.085,3.94,63.71
111,Nepal,0.0,7.97,0.0,8.15,0.66,0.24,0.4,3.48,5.45,0.01,0.27,0.59,0.75,1.69,0.26,0.13,0.0,0.24,0.61,29.97,0.78,2.462362,9.201458,0.0,220.834992,1.166382,0.907186,8.164674,6.739096,13.866986,0.129598,1.036784,0.907186,16.588544,8.294272,22.161258,0.259196,10.886232,4.53593,1.036784,34.34347,12.052613999999998,0.05,0.05,0.0,39.96,0.72,1.04,0.68,4.84,6.09,0.03,1.27,0.28,8.46,2.05,3.98,0.11,0.0,0.12,0.2,0.01,5.51,Moderate,5.5,25.0,3.212,7.26,70.78
112,Netherlands,0.0,19.94,0.0,3.59,5.96,1.57,1.18,22.62,27.89,0.0,0.08,5.6,0.13,0.54,0.25,0.27,0.0,0.0,4.16,45.95,0.66,16.070152,23.068444,0.0,105.103978,11.01583,5.702311999999999,24.62362,40.045782,68.68693999999999,0.0,0.64799,8.294272,3.499146,2.332764,22.290856,1.166382,55.85673799999999,0.0,6.091106,52.616788,9.07186,0.68,0.34,0.0,24.56,6.86,6.75,2.16,24.52,32.05,0.0,0.36,2.31,1.76,0.58,4.04,0.74,0.01,0.0,1.35,0.07,3.46,High,2.5,43.2,11.881,5.29,82.28
113,New Caledonia,0.0,8.71,0.0,11.5,2.44,2.01,0.53,31.66,13.96,0.52,0.22,6.07,0.06,0.16,0.07,4.01,0.0,0.0,0.98,34.95,0.41,12.31181,10.36784,0.0,133.35634199999998,4.53593,5.961507999999999,11.01583,53.394376,29.677942,6.220704,1.166382,9.71985,1.4255779999999998,0.64799,8.423869999999999,6.220704,34.213871999999995,0.0,1.4255779999999998,40.045782,6.868694,0.61,0.37,0.0,27.39,2.74,6.28,0.97,29.46,13.39,1.58,1.41,1.41,0.71,0.15,1.22,0.82,0.01,0.0,0.3,0.05,2.73,Low,6.8,33.4,6.489,23.36,77.55
114,New Zealand,0.0,33.99,0.0,3.26,3.32,1.54,0.98,26.49,9.37,0.0,1.64,5.57,0.19,0.37,0.15,4.08,0.0,0.0,3.51,27.4,0.58,10.627036,39.008998,0.0,123.895688,6.091106,5.702311999999999,13.218996,46.396084,17.754925999999998,0.0,5.313517999999999,8.812664,4.406332,1.4255779999999998,11.66382,7.12789,70.760508,0.0,5.18392,31.233118,8.035076,0.53,0.36,0.0,26.43,3.61,6.97,1.12,27.69,7.42,0.0,5.8,2.95,2.22,0.36,2.22,1.67,0.01,0.01,1.11,0.03,2.86,Low,2.5,37.9,9.72,8.08,82.29
115,Nicaragua,0.0,3.49,0.0,10.97,1.16,0.45,0.18,9.47,11.39,0.18,0.14,2.55,0.58,0.01,0.13,0.51,0.01,0.0,0.06,25.63,0.24,5.313517999999999,4.017538,0.0,168.736596,2.332764,1.4255779999999998,9.331056,16.329348,26.437992,2.462362,0.777588,4.017538,15.810956,0.0,6.220704,0.777588,48.988044,0.0,0.129598,29.418746,3.499146,0.09,0.05,0.0,30.81,1.34,1.57,0.61,9.45,11.18,0.69,1.01,1.4,7.95,0.01,0.78,0.1,0.01,0.0,0.02,0.01,1.11,Low,18.6,27.3,3.519,11.47,74.48
116,Niger,0.0,2.49,0.0,11.46,0.05,0.13,0.22,2.17,4.65,0.02,0.09,17.72,1.7,0.36,0.09,0.01,0.0,0.0,0.0,12.75,0.55,0.259196,2.851156,0.0,194.267402,0.129598,0.518392,5.572714,4.406332,11.404623999999998,0.259196,0.388794,27.733972,47.30327,0.907186,10.36784,0.129598,7.12789,0.0,0.0,14.644574,12.700603999999998,0.01,0.03,0.0,35.21,0.07,0.54,0.43,3.32,5.96,0.07,0.42,8.43,24.21,0.26,0.8,0.11,0.0,0.0,0.01,0.0,3.84,Low,19.8,15.1,1.378,2.42,62.42
117,Nigeria,0.0,0.83,0.0,8.87,0.65,0.58,0.32,2.44,0.33,0.01,0.07,9.67,0.44,0.66,1.38,0.05,0.0,0.0,0.07,29.66,0.47,2.203166,0.907186,0.0,140.225036,1.166382,2.073568,8.553467999999999,4.276733999999999,1.166382,0.129598,0.259196,15.422161999999998,13.089398,4.147136,87.349052,0.129598,12.700603999999998,0.388794,1.036784,33.954676,6.091106,0.18,0.02,0.0,28.0,0.8,2.57,0.74,2.65,0.56,0.03,0.26,5.17,6.71,0.87,7.65,0.03,0.0,0.03,0.2,0.0,2.45,Low,12.7,18.1,1.447,2.42,54.69
118,North Korea,0.0,0.74,0.0,7.36,1.23,0.42,0.49,6.18,0.29,0.0,0.06,0.96,0.49,0.01,0.17,0.01,0.0,0.0,0.11,20.85,0.76,7.905478,0.907186,0.0,170.42137,2.332764,2.073568,8.812664,10.108644,0.64799,0.0,0.259196,3.628744,12.700603999999998,0.0,9.07186,0.0,5.83191,0.0,0.388794,23.846032,10.238242,0.02,0.04,0.0,28.2,1.39,2.89,0.64,5.27,0.26,0.01,0.27,2.56,6.38,0.01,1.05,0.0,0.0,0.0,0.09,0.0,4.69,Low,41.6,35.3,6.139,4.0,72.27
119,North Macedonia,0.0,10.44,0.0,4.41,1.4,0.49,0.98,16.98,12.35,0.09,0.28,4.79,0.27,1.01,0.15,3.73,0.0,0.0,2.97,49.68,1.64,9.460654,12.052613999999998,0.0,128.561216,2.59196,1.4255779999999998,23.846032,27.993168,32.788294,1.036784,1.4255779999999998,7.12789,5.961507999999999,2.59196,13.478192,6.350301999999999,48.469652,0.0,4.276733999999999,56.893522,23.068444,0.45,0.1,0.0,28.37,1.52,1.59,2.12,14.67,17.41,0.27,1.43,2.21,2.97,0.75,2.44,1.4,0.01,0.0,0.81,0.04,7.62,High,3.3,39.1,8.16,10.08,75.8
120,Norway,0.0,25.4,0.0,6.66,3.33,4.5,1.27,31.86,18.41,1.12,0.15,3.49,0.69,0.18,0.15,4.85,0.0,0.0,2.76,30.5,0.53,15.551759999999998,29.80754,0.0,129.468402,6.091106,13.348594,15.422161999999998,50.024828,42.248948,12.052613999999998,0.64799,5.572714,19.180504,0.64799,13.348594,8.553467999999999,37.58342,0.0,4.017538,34.99146,7.905478,0.65,0.7,0.0,28.18,3.83,14.43,1.41,23.09,22.26,2.78,0.78,1.75,9.77,0.16,2.44,2.37,0.0,0.0,0.86,0.16,2.78,Moderate,2.5,39.7,10.813,5.31,82.4
121,Oman,0.0,7.09,0.0,5.87,2.31,1.3,1.11,13.96,13.41,0.07,0.33,2.49,0.35,1.22,0.06,3.11,0.0,0.0,2.45,30.97,1.09,1.4255779999999998,8.423869999999999,0.0,151.500062,4.276733999999999,5.443116,46.784878,25.27161,33.436284,1.036784,1.036784,3.499146,6.350301999999999,4.276733999999999,6.220704,4.924723999999999,29.548344,0.0,3.628744,35.509851999999995,15.940554,0.03,0.23,0.0,28.05,2.52,7.11,3.76,16.09,14.44,0.28,1.17,0.76,3.19,1.0,1.06,0.96,0.0,0.0,0.77,0.01,5.45,High,9.8,30.7,1.53,12.61,77.86
122,Pakistan,0.0,16.13,0.0,7.59,0.97,0.11,0.28,5.79,18.92,0.0,0.2,0.18,0.32,0.32,0.05,0.04,0.0,0.03,0.16,29.24,0.15,0.0,18.532514,0.0,156.16558999999998,1.814372,0.388794,5.961507999999999,10.497438,47.173672,0.0,0.777588,0.259196,6.350301999999999,1.684774,4.017538,0.259196,28.900354,0.518392,0.259196,33.565881999999995,3.23995,0.0,0.15,0.0,31.05,1.06,0.52,0.55,6.58,21.85,0.02,0.82,0.06,3.05,0.53,0.71,0.27,0.04,0.01,0.05,0.14,1.05,Low,16.9,23.5,2.78,8.35,67.27
123,Panama,0.0,15.4,0.0,5.97,1.43,1.44,1.01,20.74,7.32,0.21,0.28,2.5,0.2,0.08,0.07,1.22,0.0,0.0,0.61,40.35,0.19,10.627036,17.884524,0.0,163.68227399999998,2.851156,4.53593,16.458945999999997,40.045782,22.290856,2.721558,1.4255779999999998,4.924723999999999,5.572714,0.259196,4.406332,2.073568,36.028244,0.0,0.907186,46.26648599999999,3.23995,0.47,0.22,0.0,27.66,1.64,4.96,1.35,28.29,12.84,0.76,1.8,2.03,2.81,0.07,0.62,0.44,0.02,0.0,0.18,0.06,1.04,High,5.8,29.7,5.03,8.33,78.51
124,Papua New Guinea,0.0,2.04,0.0,1.91,0.15,1.42,2.25,14.68,0.23,0.03,0.13,13.4,0.02,0.03,1.06,0.09,0.0,0.0,0.43,19.54,0.57,2.462362,2.462362,0.0,78.017996,0.259196,4.276733999999999,45.3593,32.788294,0.64799,0.388794,0.518392,20.217288,0.518392,0.129598,60.651864,0.259196,15.940554,0.0,0.518392,22.420454,6.739096,0.12,0.08,0.0,14.17,0.17,4.81,4.36,28.14,0.27,0.09,0.61,1.7,0.24,0.02,5.64,0.2,0.0,0.0,0.12,0.01,2.31,Low,21.6,22.6,2.142,17.65,64.5
125,Paraguay,0.0,9.12,0.0,10.61,3.72,0.31,0.72,10.39,6.0,0.05,0.36,0.84,0.46,0.07,1.05,0.92,0.0,0.0,0.04,41.1,0.27,16.329348,10.627036,0.0,134.78192,7.257487999999999,1.036784,8.942262,20.217288,14.774171999999998,0.64799,1.814372,1.29598,11.923016,0.259196,51.968798,3.628744,21.254072,0.0,0.0,47.044074,5.18392,0.89,0.13,0.0,26.8,4.27,1.2,0.95,14.51,5.94,0.17,2.51,0.44,6.04,0.08,2.97,4.48,0.01,0.0,0.01,0.01,1.61,High,8.7,26.5,3.833,8.27,74.25
126,Peru,0.0,1.53,0.0,5.03,2.61,2.08,1.94,15.0,5.92,0.03,0.26,2.79,0.6,0.1,0.73,0.47,0.0,0.0,0.24,24.92,0.39,9.979046,1.814372,0.0,140.61382999999998,5.18392,6.868694,23.586836,32.010706,14.644574,0.388794,1.166382,4.795126,11.01583,0.388794,51.709602,1.684774,27.345178,0.0,0.388794,28.51156,6.868694,0.33,0.01,0.0,27.25,3.01,7.82,2.0,26.27,6.02,0.12,1.54,1.64,5.85,0.09,6.25,1.2,0.0,0.0,0.08,0.02,2.21,High,8.3,29.1,4.455,5.95,76.74
127,Philippines,0.0,6.36,0.0,4.57,1.44,1.79,0.85,17.52,0.55,0.02,0.57,2.83,0.06,0.08,0.09,0.36,0.05,0.0,0.63,11.05,0.38,6.998291999999999,7.516684,0.0,229.777254,2.59196,6.868694,19.958092,26.56759,3.628744,0.259196,2.332764,4.406332,1.684774,0.518392,5.702311999999999,1.4255779999999998,30.066736,0.0,1.036784,12.700603999999998,6.220704,0.21,0.27,0.0,34.69,1.59,8.46,1.8,11.03,2.59,0.05,2.85,0.78,0.8,0.11,0.41,0.48,0.04,0.0,0.25,0.0,2.39,Low,5.2,25.2,2.661,7.07,71.23
128,Poland,0.0,32.34,0.0,4.2,2.37,1.55,0.65,35.42,22.88,0.0,0.08,1.35,0.04,0.18,0.27,0.27,0.0,0.0,1.76,29.19,0.6,23.32764,37.972214,0.0,144.50177,4.406332,5.572714,11.275026,59.61508,44.71131,0.0,0.388794,2.073568,1.166382,0.64799,23.97563,0.907186,59.09668799999999,0.0,2.462362,33.565881999999995,9.849448,1.29,0.66,0.0,33.7,2.73,6.55,1.11,32.86,20.43,0.0,0.57,0.6,0.62,0.17,4.39,0.68,0.0,0.0,0.5,0.08,3.17,High,2.5,41.8,10.202,5.91,78.73
129,Portugal,0.0,23.24,0.0,6.68,2.82,2.67,0.98,29.85,13.47,0.02,0.38,2.61,0.25,0.16,0.15,4.47,0.0,0.0,2.57,56.57,0.68,28.252364,27.345178,0.0,127.783628,5.18392,13.60779,20.476484,52.875984,36.676234,0.259196,1.684774,3.499146,4.795126,0.518392,14.385378,7.257487999999999,31.10352,0.0,4.795126,64.79899999999999,11.534222,0.71,0.53,0.0,27.75,3.24,18.08,1.97,32.35,19.29,0.05,2.04,0.5,2.26,0.14,2.58,1.37,0.01,0.0,0.9,0.07,3.82,High,2.5,46.2,14.924,9.85,82.05
130,Qatar,0.0,6.02,0.0,8.18,4.25,1.19,0.84,22.49,8.7,0.23,0.08,3.3,0.62,1.98,0.07,4.13,0.0,0.0,3.19,59.43,0.88,2.203166,6.868694,0.0,180.918808,7.775879999999999,4.406332,19.4397,41.730556,21.38367,2.851156,0.259196,4.924723999999999,11.923016,7.387085999999999,7.775879999999999,6.739096,34.473068,0.0,4.665528,68.03895,14.126181999999998,0.05,0.06,0.0,32.99,4.64,5.43,1.65,27.84,9.47,0.75,0.38,1.23,6.02,1.78,1.25,1.19,0.01,0.0,1.01,0.02,4.58,High,8.75952380952381,31.9,0.617,16.52,80.23
131,Romania,0.0,16.54,0.0,6.94,3.52,0.69,0.99,19.76,24.17,0.07,0.39,1.54,0.08,0.07,0.27,2.37,0.0,0.0,2.05,49.39,0.82,24.753218,19.310102,0.0,165.496646,6.4799,2.073568,22.550052,35.509851999999995,52.098396,0.907186,1.555176,2.203166,2.073568,0.259196,24.105228,4.147136,36.417038,0.0,2.851156,56.634326,12.052613999999998,1.26,0.15,0.0,37.79,4.04,2.28,1.86,22.52,22.49,0.21,1.9,0.57,1.02,0.08,4.39,1.02,0.03,0.0,0.52,0.06,4.05,High,2.5,43.0,11.69,9.74,76.05
132,Russia,0.0,17.35,0.0,4.97,4.45,2.29,0.59,24.04,15.48,0.0,0.34,1.57,0.14,0.07,0.24,0.95,0.0,0.0,0.47,44.73,0.51,19.698896,20.217288,0.0,157.59116799999998,8.164674,6.739096,10.756634,42.248948,35.509851999999995,0.129598,1.555176,2.332764,3.369548,0.259196,20.73568,1.814372,49.636034,0.0,0.64799,51.320808,8.812664,0.76,0.2,0.0,37.03,4.84,7.15,0.94,25.56,17.05,0.02,2.06,0.64,1.72,0.08,3.82,0.67,0.0,0.0,0.13,0.04,2.88,High,2.5,39.6,9.393,6.18,72.58
133,Rwanda,0.0,0.75,0.0,5.92,0.09,0.17,1.12,2.64,1.75,0.01,0.08,1.83,1.37,0.06,1.17,0.02,0.0,0.0,0.0,8.55,0.19,5.83191,0.907186,0.0,69.98292,0.129598,1.166382,35.380254,4.924723999999999,4.53593,0.129598,0.388794,4.147136,40.045782,0.518392,90.977796,0.0,15.810956,0.0,0.0,9.849448,3.628744,0.76,0.02,0.0,14.0,0.11,1.46,2.77,3.28,1.87,0.02,0.39,2.26,19.96,0.11,8.11,0.01,0.0,0.0,0.0,0.0,1.23,Low,35.8,20.3,1.642,4.28,69.02
134,Saint Kitts and Nevis,0.0,5.31,0.0,3.74,0.61,1.68,0.44,25.89,6.04,0.26,0.13,9.28,0.27,0.29,0.06,0.2,0.0,0.0,0.73,49.94,0.17,6.220704,6.220704,0.0,89.42262,1.166382,7.905478,12.052613999999998,43.674526,15.292564,2.851156,0.64799,12.9598,6.091106,0.907186,6.868694,0.259196,51.580004,0.0,1.036784,57.282316,2.59196,0.3,0.08,0.0,16.58,0.67,10.47,1.0,24.21,6.02,0.64,0.78,1.43,3.13,0.23,0.9,0.04,0.0,0.0,0.2,0.15,0.9,Low,9.666666666666666,31.66190476190476,5.597666666666667,12.84,76.23
135,Saint Lucia,0.0,6.03,0.0,3.02,0.72,2.59,0.73,30.57,6.71,0.18,2.7,3.69,0.25,0.47,0.13,1.33,0.0,0.0,0.32,12.44,0.15,15.810956,6.998291999999999,0.0,117.93418,1.4255779999999998,8.294272,14.25578,50.284024,16.977338,1.94397,11.275026,5.054322,6.739096,1.166382,7.516684,1.94397,55.07915,0.0,0.518392,14.25578,3.110352,0.42,0.08,0.0,24.04,0.83,9.27,1.38,26.53,6.48,0.47,12.77,0.58,3.52,0.26,1.05,0.18,0.0,0.0,0.09,0.07,0.86,Low,9.666666666666666,34.9,6.405,11.62,76.2
136,Saint Vincent and the Grenadines,0.0,2.96,0.0,8.2,1.3,1.17,1.21,30.1,5.92,0.63,0.17,1.54,0.41,2.33,0.32,3.16,0.0,0.0,1.52,34.65,0.27,15.422161999999998,3.499146,0.0,106.140762,2.332764,4.665528,27.86357,53.653572,16.847739999999998,7.12789,0.64799,2.462362,9.590252,5.443116,20.73568,4.53593,46.784878,0.0,2.203166,39.786586,4.147136,0.39,0.07,0.0,21.52,1.42,5.82,2.3,33.09,8.07,1.71,0.81,0.85,4.71,1.02,2.39,0.6,0.0,0.0,0.42,0.06,1.61,Low,7.6,31.8,4.832,11.62,72.53
137,Samoa,0.0,12.38,0.0,6.95,0.43,5.21,1.65,30.1,3.68,0.18,0.12,19.2,0.0,0.19,0.84,0.63,0.0,0.0,0.77,31.86,0.13,3.369548,14.25578,0.0,134.652322,0.777588,13.478192,28.51156,51.968798,9.590252,2.073568,0.64799,30.066736,0.0,0.64799,35.250656,1.684774,33.825078,0.0,1.036784,36.546636,2.59196,0.27,0.14,0.0,24.5,0.49,12.68,2.76,30.32,4.14,0.51,0.76,3.3,0.0,0.16,5.79,0.71,0.01,0.0,0.21,0.02,1.05,Low,4.4,22.0,3.564,9.21,73.32
138,Sao Tome and Principe,0.0,1.05,0.0,4.5,0.17,2.13,1.63,8.71,1.12,0.09,0.03,1.09,0.17,0.04,0.19,2.78,0.0,0.0,0.01,41.54,0.17,5.83191,1.29598,0.0,135.041116,0.259196,7.257487999999999,49.765632,14.90377,3.110352,1.166382,0.129598,1.4255779999999998,4.147136,0.259196,12.441408,3.758342,21.642866,0.0,0.0,47.56246599999999,3.23995,0.18,0.05,0.0,26.51,0.21,8.53,4.28,8.44,1.37,0.28,0.19,0.14,2.05,0.05,1.44,0.29,0.0,0.0,0.0,0.02,1.11,Low,13.5,18.7,2.162,2.42,70.39
139,Saudi Arabia,0.0,6.15,0.0,11.27,2.87,0.84,0.81,14.56,8.66,0.17,0.16,3.68,0.37,1.26,0.07,2.02,0.0,0.0,1.53,42.82,0.78,0.0,7.257487999999999,0.0,207.486398,5.18392,2.721558,29.937138,28.252364,19.958092,2.332764,0.64799,5.054322,6.609497999999999,4.276733999999999,5.443116,3.628744,40.434576,0.0,2.332764,48.988044,8.683066,0.0,0.23,0.0,42.2,3.0,3.13,2.33,20.22,10.17,0.65,0.74,0.91,3.3,0.98,0.67,0.95,0.01,0.0,0.51,0.01,2.76,Moderate,3.7,31.9,1.845,17.72,75.13
140,Senegal,0.0,1.3,0.0,8.17,0.55,0.57,0.11,5.61,1.63,0.01,0.2,10.86,0.25,0.18,0.15,0.2,0.0,0.0,0.23,45.38,0.77,0.388794,1.555176,0.0,201.654488,1.036784,2.462362,3.110352,10.108644,3.88794,0.129598,0.777588,16.199749999999998,6.998291999999999,0.518392,17.49573,0.388794,22.161258,0.0,0.259196,51.968798,13.348594,0.03,0.03,0.0,38.15,0.66,3.17,0.29,6.34,1.57,0.03,0.94,5.45,3.56,0.15,1.38,0.22,0.0,0.0,0.06,0.01,2.97,Low,7.5,18.7,1.796,2.42,67.94
141,Serbia,0.0,7.35,0.0,4.13,2.55,0.66,1.2,34.63,16.27,0.0,0.38,4.51,0.14,0.15,0.12,3.57,0.0,0.0,1.6,14.87,0.46,16.458945999999997,8.553467999999999,0.0,153.57362999999998,4.665528,2.073568,19.310102,52.098396,36.93543,0.0,1.684774,6.739096,3.369548,0.388794,10.627036,6.091106,29.029952,0.0,2.203166,16.977338,6.868694,0.69,0.04,0.0,33.45,2.79,2.23,1.96,20.69,16.52,0.01,1.79,2.12,1.69,0.12,1.92,1.15,0.01,0.0,0.39,0.05,2.24,High,3.3,41.2,11.855552631578943,10.08,76.0
142,Seychelles,0.0,4.54,0.0,11.24,1.96,4.21,0.61,23.21,6.14,0.3,0.06,15.81,0.4,0.9,0.04,0.61,0.0,0.0,1.55,21.69,0.61,25.401208,5.313517999999999,0.0,166.27423399999998,3.758342,15.033368,15.422161999999998,40.304978,15.162966,3.499146,0.518392,22.290856,8.812664,3.499146,6.220704,1.29598,39.138596,0.0,2.203166,24.882816,11.793418,0.96,0.11,0.0,30.23,2.39,18.05,1.42,23.79,6.67,0.86,0.34,4.09,4.63,0.89,0.83,0.54,0.0,0.0,0.46,0.07,4.02,Low,19.05121951219512,36.2,5.586,10.55,73.4
143,Sierra Leone,0.0,0.16,0.0,3.09,0.32,1.31,0.25,2.44,0.99,0.05,0.08,3.33,0.47,0.33,0.68,0.15,0.0,0.0,0.05,37.68,0.39,0.907186,0.129598,0.0,150.592876,0.64799,5.572714,4.924723999999999,4.665528,2.332764,0.518392,0.388794,5.18392,10.627036,0.777588,56.245532,0.259196,9.201458,0.0,1.166382,43.156134,5.443116,0.07,0.0,0.0,23.83,0.4,7.12,0.46,3.36,0.89,0.13,0.47,1.63,5.35,0.23,4.15,0.06,0.0,0.0,0.23,0.0,2.25,Low,27.4,19.1,1.285,2.42,54.7
144,Slovakia,0.0,49.12,0.0,9.51,2.65,0.82,0.53,19.93,10.77,0.03,0.23,2.01,0.09,0.17,0.13,2.76,0.0,0.0,1.3,49.34,0.49,16.458945999999997,57.80070799999999,0.0,111.195084,4.924723999999999,2.59196,10.238242,33.69548,25.27161,0.518392,1.036784,2.980754,2.332764,0.64799,12.830202,4.53593,36.805832,0.0,1.814372,56.50472799999999,7.12789,0.84,1.13,0.0,23.59,2.89,2.88,0.92,18.77,12.5,0.16,1.1,0.98,1.19,0.18,2.22,0.54,0.01,0.0,0.38,0.05,2.22,High,3.8,41.2,9.167,7.29,77.54
145,Slovenia,0.0,17.7,0.0,10.28,2.7,1.0,1.06,19.92,17.19,0.14,0.28,2.53,0.05,0.21,0.12,5.04,0.0,0.0,3.02,34.61,0.7,16.718142,21.124474,0.0,154.74001199999998,4.924723999999999,3.23995,20.476484,36.676234,39.138596,1.555176,1.4255779999999998,4.017538,1.166382,0.64799,11.534222,8.294272,29.418746,0.0,4.276733999999999,39.656988,10.108644,0.99,0.61,0.0,31.58,2.94,3.68,1.52,24.06,20.74,0.34,1.82,1.66,0.57,0.19,2.06,1.64,0.01,0.0,0.8,0.07,3.76,High,2.5,44.5,12.93,7.25,81.32
146,Solomon Islands,0.0,3.14,0.0,3.41,0.21,2.41,0.52,6.33,0.77,0.08,0.04,15.75,0.48,0.14,1.99,1.43,0.0,0.0,0.29,22.91,0.06,1.684774,3.758342,0.0,94.60654,0.388794,7.905478,6.220704,9.979046,2.332764,0.777588,0.129598,24.62362,10.497438,0.388794,94.347344,1.94397,18.014122,0.0,0.388794,26.308394,1.036784,0.14,0.08,0.0,14.97,0.24,9.07,0.54,4.58,1.05,0.19,0.24,2.02,5.25,0.1,10.51,0.2,0.0,0.0,0.08,0.0,0.51,Low,18.1,20.8,2.043,18.68,73.0
147,South Africa,0.0,1.24,0.0,9.17,2.04,0.45,0.21,23.33,5.03,0.0,0.69,1.43,0.05,0.13,0.1,0.41,0.0,0.0,0.18,48.57,0.26,13.089398,1.4255779999999998,0.0,178.586044,3.758342,1.555176,3.88794,40.045782,10.886232,0.0,3.110352,2.332764,1.4255779999999998,0.518392,8.683066,0.777588,39.916184,0.0,0.259196,55.597542,4.406332,0.62,0.01,0.0,37.12,2.35,1.76,0.41,23.16,4.98,0.0,3.88,0.98,0.71,0.16,1.38,0.25,0.0,0.0,0.06,0.02,1.22,High,6.9,27.3,3.053,5.52,64.13
148,South Korea,0.0,9.12,0.14,3.76,3.45,4.5,0.35,26.01,2.95,0.0,0.43,4.67,0.06,0.18,0.08,0.42,0.0,0.0,3.38,65.46,1.49,19.958092,10.756634,4.406332,149.55609199999998,6.350301999999999,14.514976,7.775879999999999,44.192918,6.868694,0.0,1.94397,10.886232,1.684774,1.166382,5.572714,1.036784,57.930306,0.0,5.313517999999999,75.03724199999999,21.254072,0.79,0.35,2.61,24.77,3.85,15.89,0.75,24.79,3.77,0.0,2.45,6.28,0.79,0.27,0.76,0.5,0.13,0.0,0.96,0.0,8.38,Low,2.5,43.4,8.622,6.8,83.03
149,South Sudan,0.0,0.99,0.0,5.64,0.01,0.2,0.58,9.64,17.77,0.02,0.24,21.34,0.26,0.29,0.61,0.01,0.0,0.0,0.01,19.68,0.23,0.907186,1.166382,0.0,92.01458,0.0,0.777588,6.609497999999999,15.681358,41.082566,0.129598,1.036784,31.881108,6.220704,0.64799,42.896938,0.0,9.460654,0.0,0.0,22.550052,3.628744,0.03,0.02,0.0,19.7,0.01,0.87,0.57,7.92,17.26,0.04,1.24,8.68,3.12,0.2,2.8,0.04,0.0,0.0,0.0,0.01,1.61,Low,19.05121951219512,19.2,2.032,10.43,57.85
150,Spain,0.0,7.75,0.0,3.44,4.07,3.37,1.67,27.83,13.6,0.0,0.41,3.11,0.28,0.06,0.14,1.15,0.0,0.0,4.92,82.68,0.58,21.902062,9.07186,0.0,101.993626,7.516684,11.275026,16.977338,51.19121,34.99146,0.0,1.684774,4.53593,6.350301999999999,0.259196,13.478192,2.462362,37.58342,0.0,8.942262,94.60654,9.71985,1.11,0.17,0.0,24.22,4.68,12.58,1.71,33.79,17.72,0.0,2.02,1.2,3.13,0.06,2.43,1.26,0.01,0.0,1.84,0.04,3.17,High,2.5,45.5,13.799,7.17,83.56
151,Sri Lanka,0.0,0.34,0.0,3.41,1.1,2.16,0.49,2.63,4.93,0.01,0.02,23.06,0.41,1.45,0.09,0.09,0.01,0.09,0.55,10.21,0.36,1.29598,0.388794,0.0,201.52489,2.073568,7.646281999999999,13.866986,5.313517999999999,11.923016,0.129598,0.129598,33.177088,14.25578,6.220704,9.07186,0.259196,38.101812,1.814372,1.4255779999999998,11.66382,8.423869999999999,0.08,0.0,0.0,34.64,1.23,9.1,0.89,4.06,4.78,0.03,0.11,2.74,6.79,1.76,0.66,0.16,0.01,0.05,0.25,0.01,2.65,Low,3.4,34.1,5.331,10.68,76.98
152,Sudan,0.0,1.47,0.0,8.55,0.38,0.08,0.47,9.11,12.89,0.01,0.36,10.28,0.51,0.14,0.06,0.05,0.0,0.0,0.0,27.13,0.46,0.0,1.684774,0.0,172.36533999999995,0.64799,0.259196,13.60779,14.90377,25.790002,0.129598,1.29598,15.422161999999998,11.793418,0.388794,4.406332,0.388794,35.121058,0.518392,0.0,31.10352,8.035076,0.0,0.02,0.0,39.0,0.42,0.34,1.21,7.67,9.6,0.02,1.43,5.23,6.14,0.1,0.46,0.38,0.0,0.03,0.0,0.0,2.5,Low,12.8,19.7,2.034,15.67,65.31
153,Suriname,0.0,1.81,0.0,5.4,1.51,1.28,0.34,22.29,2.64,0.25,0.05,2.98,0.17,0.71,0.14,1.24,0.0,0.0,0.27,36.47,0.39,11.66382,2.073568,0.0,148.778504,2.980754,4.147136,15.292564,37.065028,8.553467999999999,3.23995,0.259196,4.53593,4.276733999999999,2.073568,6.868694,1.94397,53.78317,0.388794,0.388794,41.860154,7.12789,0.37,0.03,0.0,25.5,1.72,4.69,1.36,19.63,4.75,0.89,0.33,1.42,2.13,0.56,0.83,0.28,0.0,0.02,0.08,0.03,2.69,Moderate,8.2,29.6,4.229,12.54,71.68
154,Sweden,0.0,18.33,0.0,4.71,3.72,2.33,0.96,21.29,25.5,0.13,0.71,2.61,0.1,0.35,0.14,0.83,0.0,0.0,2.77,49.12,0.63,20.865278,21.772464,0.0,113.39825,6.868694,7.516684,12.052613999999998,38.8794,57.15271799999999,1.555176,2.980754,3.88794,2.851156,1.29598,13.866986,3.110352,43.933722,0.0,4.017538,56.37513,9.331056,0.75,0.82,0.0,25.82,4.28,8.38,1.13,25.19,27.85,0.37,3.67,1.19,1.42,0.33,2.44,2.17,0.0,0.0,0.83,0.21,2.99,High,2.5,41.0,13.433,4.79,82.8
155,Switzerland,0.0,17.89,0.0,3.2,2.98,1.19,1.1,34.26,30.74,0.05,0.33,1.68,0.09,0.28,0.13,0.4,0.0,0.0,6.42,58.8,0.65,19.698896,20.606082,0.0,97.716892,5.443116,3.758342,16.458945999999997,52.357592,60.651864,0.518392,1.555176,2.59196,2.332764,1.036784,11.275026,1.684774,58.059904,0.0,9.201458,66.872568,9.07186,0.71,0.14,0.0,23.7,3.43,4.15,1.5,22.11,29.86,0.11,2.04,0.84,1.16,0.25,2.06,0.68,0.02,0.0,1.84,0.05,3.29,High,2.5,43.1,12.644,5.59,83.78
156,Syria,0.0,8.98,0.0,8.03,2.42,0.27,0.59,7.23,13.26,0.03,0.35,4.63,0.73,0.81,0.17,0.43,0.0,0.0,7.29,35.62,0.62,0.129598,10.36784,0.0,184.02916,4.406332,0.64799,14.774171999999998,11.793418,25.660404,0.388794,1.036784,6.350301999999999,15.810956,2.332764,8.423869999999999,1.166382,23.457238,0.0,10.108644,40.82337,10.36784,0.0,0.05,0.0,41.24,2.54,0.63,1.68,5.94,10.73,0.12,1.11,1.24,8.04,0.8,1.04,0.87,0.0,0.0,2.44,0.02,3.79,Low,8.75952380952381,21.7,2.577,9.060909090909092,72.7
157,Taiwan,0.0,6.51,0.0,3.0,4.29,1.25,0.73,37.18,3.87,0.03,0.16,6.27,0.12,0.27,0.04,1.19,0.0,0.0,1.54,65.89,0.68,7.387085999999999,7.646281999999999,0.0,119.23016,7.905478,5.702311999999999,15.681358,59.355884,9.979046,0.518392,0.64799,12.830202,3.110352,1.555176,3.499146,2.203166,37.065028,0.129598,4.795126,75.555634,12.31181,0.43,0.06,0.0,22.62,4.64,7.38,1.31,28.77,4.7,0.17,0.87,8.78,1.53,0.34,0.41,0.67,0.01,0.0,0.83,0.01,4.22,Low,3.5,42.2,8.353,9.060909090909092,80.46
158,Tajikistan,0.0,3.18,0.0,9.1,1.16,0.04,0.44,18.76,8.63,0.05,0.7,1.39,0.21,0.17,0.11,0.99,0.0,0.0,0.67,36.06,1.38,0.907186,3.628744,0.0,180.400416,2.073568,0.129598,10.886232,30.066736,20.73568,0.518392,3.110352,2.203166,5.443116,2.073568,9.71985,1.555176,22.161258,0.0,0.907186,41.341762,22.550052,0.06,0.02,0.0,39.25,1.26,0.16,0.89,14.63,8.7,0.15,3.91,0.7,2.71,0.63,1.8,0.31,0.0,0.0,0.2,0.02,6.45,Low,8.6,23.3,2.155,7.11,71.1
159,Tanzania,0.0,2.77,0.0,4.85,0.26,0.47,0.28,4.06,3.75,0.0,0.12,7.4,0.73,0.1,0.69,0.02,0.0,0.02,0.35,29.58,0.23,6.4799,3.23995,0.0,138.66986,0.518392,1.684774,13.996584,7.12789,10.238242,0.0,0.518392,11.534222,21.902062,0.259196,42.11935,0.129598,13.089398,0.64799,0.518392,33.954676,3.628744,0.63,0.03,0.0,25.39,0.32,2.11,1.58,4.37,4.71,0.01,0.69,3.35,10.97,0.08,4.03,0.12,0.01,0.06,0.1,0.0,1.5,Low,22.6,17.7,1.874,5.75,65.46
160,Thailand,0.0,2.2,0.0,4.21,3.67,2.56,0.56,15.5,1.8,0.0,0.18,4.92,0.13,2.09,0.05,0.1,0.0,0.0,0.5,30.24,0.28,15.940554,2.59196,0.0,181.566798,6.609497999999999,8.812664,9.71985,22.938846,5.702311999999999,0.0,0.777588,8.553467999999999,3.369548,7.387085999999999,4.017538,0.388794,51.450406,0.0,0.777588,34.602666,4.53593,0.37,0.03,0.0,27.43,3.84,10.32,0.91,8.72,2.48,0.0,1.0,2.69,1.61,2.12,0.42,0.39,0.0,0.0,0.16,0.02,1.73,Low,8.8,40.1,6.89,7.04,77.15
161,Timor,0.0,1.76,0.0,7.65,0.61,0.52,0.97,13.59,0.71,0.12,0.09,4.12,0.22,0.12,0.16,0.25,0.0,0.0,0.01,27.27,0.15,0.259196,2.073568,0.0,173.01333,1.166382,1.684774,2.851156,20.08769,2.203166,1.29598,0.388794,7.646281999999999,7.516684,0.388794,13.478192,1.166382,24.62362,0.0,0.0,31.233118,2.462362,0.01,0.1,0.0,27.98,0.69,1.82,0.26,7.52,1.01,0.29,0.48,4.25,3.65,0.1,1.14,0.76,0.0,0.0,0.0,0.01,1.09,Low,26.2,18.0,1.897,6.86,69.5
162,Togo,0.0,0.77,0.0,10.93,0.43,0.68,0.06,4.18,0.17,0.08,0.07,8.31,0.73,0.22,0.68,0.12,0.0,0.0,0.08,37.27,0.16,2.073568,0.907186,0.0,155.90639399999998,0.777588,2.59196,1.29598,7.387085999999999,0.64799,0.777588,0.259196,12.830202,12.571006,0.64799,67.520558,0.388794,13.737388,0.0,0.129598,42.637742,2.462362,0.11,0.03,0.0,31.95,0.53,3.16,0.13,4.4,0.4,0.19,0.27,2.65,5.87,0.17,5.77,0.28,0.0,0.0,0.03,0.0,1.01,Low,18.8,19.4,1.525,6.15,61.04
163,Trinidad and Tobago,0.0,7.32,0.0,4.27,1.01,1.37,0.65,21.58,8.51,0.09,0.25,4.49,0.45,0.66,0.17,1.11,0.0,0.0,0.96,36.31,0.34,6.091106,8.423869999999999,0.0,142.29860399999998,1.94397,5.443116,11.534222,39.008998,20.865278,1.555176,1.166382,6.739096,9.590252,1.814372,10.238242,1.94397,65.187794,0.0,1.4255779999999998,41.600958,6.350301999999999,0.37,0.07,0.0,27.9,1.15,6.8,0.97,24.71,9.31,0.5,1.43,1.53,4.77,0.48,1.89,0.51,0.0,0.0,0.29,0.06,1.88,Low,7.5,36.2,5.819,10.97,73.51
164,Tunisia,0.0,3.67,0.0,6.83,1.74,1.16,0.97,7.36,9.67,0.02,0.17,3.67,0.33,0.88,0.08,1.37,0.0,0.0,4.2,56.82,1.63,3.23995,4.276733999999999,0.0,218.113434,3.23995,3.499146,22.809248,14.25578,25.401208,0.259196,0.518392,5.83191,7.646281999999999,2.980754,7.387085999999999,2.462362,43.674526,0.0,6.091106,65.187794,23.068444,0.21,0.12,0.0,50.22,2.15,3.84,2.07,10.25,11.7,0.08,0.61,2.37,4.02,0.96,1.2,0.72,0.0,0.0,1.52,0.1,8.24,Moderate,3.1,32.7,5.075,8.52,76.7
165,Turkey,0.0,7.64,0.0,5.78,2.83,0.36,0.93,7.85,18.75,0.01,0.09,3.93,0.92,1.09,0.14,0.76,0.0,0.0,7.62,64.92,1.75,3.23995,8.812664,0.0,197.507352,5.18392,1.29598,21.38367,17.236534,45.488898,0.129598,0.388794,6.220704,16.847739999999998,3.23995,12.830202,1.814372,39.656988,0.0,10.756634,74.389252,19.958092,0.13,0.09,0.0,46.93,3.2,1.47,1.99,14.54,20.41,0.06,0.5,1.73,7.52,0.89,2.38,1.27,0.01,0.0,1.84,0.14,7.63,High,2.5,31.6,5.061,12.13,77.69
166,Uganda,0.0,0.86,0.0,3.74,0.18,0.98,1.08,5.17,3.21,0.01,0.1,5.11,0.57,0.02,0.27,0.02,0.0,0.01,0.0,22.33,0.15,10.36784,1.036784,0.0,95.90252,0.388794,3.499146,61.429452,7.775879999999999,7.516684,0.129598,0.388794,9.460654,18.921308,0.129598,26.049198,0.129598,14.644574,0.388794,0.0,25.530806,2.851156,0.75,0.04,0.0,17.84,0.22,4.26,4.26,3.19,2.86,0.02,0.51,3.38,9.55,0.04,2.1,0.17,0.0,0.03,0.0,0.0,1.08,Low,19.05121951219512,16.4,1.308,2.5,63.37
167,Ukraine,0.0,7.23,0.0,4.88,5.33,0.97,0.55,16.81,15.45,0.01,0.2,0.26,0.09,0.05,0.34,1.58,0.0,0.0,1.24,28.28,0.88,14.385378,8.423869999999999,0.0,145.408956,9.849448,3.23995,9.590252,28.900354,34.99146,0.129598,0.907186,0.388794,2.332764,0.259196,29.937138,2.59196,45.229702,0.0,1.684774,32.3995,15.422161999999998,0.54,0.11,0.0,32.18,5.81,3.67,0.84,16.6,15.14,0.05,1.24,0.07,1.19,0.06,5.52,0.52,0.0,0.0,0.31,0.08,4.99,High,2.8,41.4,11.133,7.11,72.06
168,United Arab Emirates,0.0,6.99,0.0,4.81,1.93,1.58,0.54,12.77,7.61,0.02,0.17,3.42,1.19,0.72,0.05,1.9,0.0,0.0,1.57,80.24,0.51,0.0,8.164674,0.0,145.279358,3.499146,5.572714,9.979046,24.62362,24.234826,0.388794,0.64799,5.054322,22.290856,2.332764,5.054322,2.980754,38.490606,0.0,2.332764,91.884982,5.83191,0.0,0.12,0.0,29.93,2.11,6.61,0.86,17.44,9.23,0.12,0.73,1.11,11.12,0.67,0.79,0.67,0.02,0.0,0.53,0.0,2.01,High,5.6,34.0,0.526,17.26,77.97
169,United Kingdom,0.0,12.82,0.0,4.49,3.04,2.19,1.18,34.12,20.84,0.29,0.17,3.75,0.13,0.38,0.17,4.81,0.0,0.0,1.8,54.34,0.63,16.977338,14.774171999999998,0.0,131.023578,5.572714,5.83191,17.106935999999997,56.50472799999999,44.06332,3.499146,0.777588,5.702311999999999,2.980754,1.4255779999999998,16.847739999999998,7.646281999999999,33.306686,0.0,2.59196,62.077442,9.590252,0.78,0.1,0.0,31.33,3.48,5.66,1.43,30.03,18.75,0.91,0.69,1.81,1.5,0.38,2.98,1.73,0.01,0.0,0.57,0.0,3.27,High,2.5,40.8,12.527,4.28,81.32
170,United States,0.0,9.94,0.0,4.99,4.33,1.37,1.66,41.38,23.96,0.0,0.04,6.11,0.22,0.35,0.15,1.48,0.0,0.0,5.21,82.0,0.69,17.884524,11.404623999999998,0.0,109.51031,7.905478,4.795126,17.366132,72.704478,48.858446,0.0,0.129598,9.201458,6.220704,1.29598,11.275026,2.980754,75.94442799999999,0.0,7.646281999999999,93.95855,9.590252,0.62,0.09,0.0,24.69,4.73,5.47,1.42,43.67,22.02,0.0,0.25,3.05,3.18,0.34,2.23,1.42,0.15,0.0,1.89,0.2,3.38,High,2.5,38.3,9.732,10.79,78.86
171,Uruguay,0.0,13.23,0.0,6.44,3.22,0.72,0.41,23.77,22.58,0.08,0.21,2.19,0.17,0.07,0.21,1.97,0.0,0.0,0.4,38.64,0.44,12.052613999999998,15.422161999999998,0.0,146.834534,6.350301999999999,2.332764,9.849448,38.749802,48.59925,1.036784,0.777588,3.23995,3.628744,0.259196,12.830202,4.53593,57.02312,0.0,0.518392,44.322516,6.739096,0.32,0.21,0.0,28.13,3.7,2.62,0.96,19.7,22.64,0.24,0.89,0.92,1.85,0.07,1.79,3.21,0.0,0.0,0.12,0.07,2.08,Moderate,2.5,35.6,10.361,6.93,77.91
172,Uzbekistan,0.0,8.24,0.0,4.5,2.33,0.29,1.07,20.01,23.76,0.02,0.37,0.48,0.03,0.05,0.24,0.39,0.0,0.0,1.9,29.52,1.34,4.017538,9.460654,0.0,190.897854,4.276733999999999,1.036784,18.921308,32.269901999999995,55.07915,0.259196,1.814372,0.777588,0.64799,0.129598,20.476484,0.777588,22.938846,0.0,2.59196,33.825078,24.494022,0.1,0.08,0.0,42.97,2.54,1.19,1.5,15.98,25.02,0.06,2.27,0.21,0.32,0.05,3.78,0.38,0.0,0.0,0.52,0.02,7.44,Low,2.5,28.2,2.873,7.57,71.72
173,Vanuatu,0.0,2.53,0.0,7.71,0.53,2.89,0.57,17.32,1.69,0.05,0.14,40.67,0.0,0.16,0.85,1.36,0.0,0.0,0.05,27.36,0.25,2.980754,2.980754,0.0,134.52272399999998,1.036784,8.423869999999999,15.033368,27.21558,4.795126,0.518392,0.64799,63.632618,0.0,0.518392,50.413622,1.94397,14.774171999999998,0.0,0.129598,31.362716,3.758342,0.01,0.08,0.0,22.05,0.6,8.78,1.43,12.48,1.53,0.12,0.81,7.7,0.01,0.12,6.84,0.21,0.0,0.0,0.01,0.02,1.81,Low,11.9,23.1,2.62,12.02,70.47
174,Venezuela,0.0,2.21,0.0,2.55,1.35,0.73,1.27,7.54,8.42,0.03,0.3,0.37,0.47,0.01,0.19,1.24,0.0,0.0,0.03,48.71,0.26,2.073568,2.59196,0.0,113.009456,2.59196,2.59196,15.551759999999998,14.90377,15.162966,0.518392,0.907186,0.518392,13.218996,0.0,8.553467999999999,2.073568,41.860154,0.129598,0.0,55.85673799999999,4.147136,0.05,0.1,0.0,20.87,1.55,2.99,1.32,10.74,6.75,0.16,0.96,0.11,6.75,0.01,1.34,0.56,0.01,0.03,0.01,0.07,1.27,Low,22.9,29.0,3.915,6.47,72.06
175,Vietnam,0.0,4.94,0.0,6.09,1.14,1.95,0.55,41.66,1.23,0.02,0.51,5.31,0.14,0.34,0.13,0.04,0.0,0.04,0.54,15.25,0.96,10.108644,5.961507999999999,0.0,205.41283,2.073568,8.683066,11.923016,59.355884,4.53593,0.388794,2.203166,11.275026,4.017538,1.166382,5.961507999999999,0.64799,23.32764,0.64799,0.777588,17.49573,13.60779,0.6,0.27,0.0,33.93,1.29,11.13,1.16,19.13,2.14,0.13,2.76,5.3,1.92,0.37,0.46,0.88,0.0,0.02,0.18,0.0,6.43,Low,5.7,32.6,4.718,6.0,75.4
176,Yemen,0.0,1.63,0.0,8.67,0.51,0.28,0.22,6.13,1.48,0.04,0.16,0.98,0.37,0.17,0.03,0.35,0.0,0.0,0.54,23.39,0.14,0.0,1.94397,0.0,171.45815399999998,0.907186,0.777588,7.387085999999999,11.01583,4.53593,0.388794,0.518392,1.4255779999999998,6.739096,0.777588,1.814372,0.64799,34.213871999999995,0.0,0.777588,26.826786,2.462362,0.0,0.02,0.0,36.92,0.53,0.93,0.6,6.99,2.66,0.11,0.6,0.44,3.34,0.2,0.23,0.3,0.0,0.0,0.19,0.0,0.74,Low,41.4,20.3,1.583,5.35,66.12
177,Zambia,0.06,1.24,0.0,12.01,0.71,0.98,0.11,5.68,0.61,0.02,0.13,4.5,0.08,0.09,0.64,0.0,0.0,0.0,0.0,21.14,0.11,4.924723999999999,1.4255779999999998,0.0,154.092022,1.29598,3.23995,1.036784,10.108644,1.29598,0.259196,0.64799,7.775879999999999,1.684774,0.259196,76.722016,0.0,12.31181,0.0,0.0,24.234826,1.94397,0.46,0.03,0.0,31.55,0.87,3.88,0.1,6.39,0.61,0.06,0.89,3.67,0.83,0.07,4.51,0.05,0.0,0.0,0.0,0.0,0.78,Low,30.9,17.7,1.542,3.94,63.89
178,Zimbabwe,0.0,1.6,0.0,8.44,0.3,0.21,0.06,18.26,2.4,0.02,0.08,1.17,0.43,0.03,0.1,0.03,0.0,0.0,0.19,30.84,0.08,7.12789,1.814372,0.0,126.876442,0.518392,0.777588,2.980754,32.658696,5.961507999999999,0.259196,0.259196,2.073568,6.220704,0.129598,7.257487999999999,0.0,21.124474,0.0,0.259196,35.380254,1.29598,0.35,0.02,0.0,25.74,0.37,0.89,0.37,20.59,2.41,0.07,0.37,0.78,2.81,0.05,0.52,0.01,0.0,0.0,0.05,0.02,0.54,Low,19.05121951219512,19.6,1.882,1.82,61.49
